id;session_id;points;hits;game_number;creation;id;respondent_id;note;prototype;creation;id;experience;pc_usage;sex;age;employment;creation
1;1;112;15;1;2022-11-25 07:14:39.733;1;1;pil1_set1;1A;2022-11-25 07:14:00.143;1;9;more than 3 hours daily;man;21;Študent informatika;2022-11-25 07:14:00.005
2;1;128;16;2;2022-11-25 07:15:01.469;1;1;pil1_set1;1A;2022-11-25 07:14:00.143;1;9;more than 3 hours daily;man;21;Študent informatika;2022-11-25 07:14:00.005
3;1;129;16;3;2022-11-25 07:15:19.557;1;1;pil1_set1;1A;2022-11-25 07:14:00.143;1;9;more than 3 hours daily;man;21;Študent informatika;2022-11-25 07:14:00.005
4;2;131;16;1;2022-11-25 07:19:09.561;2;1;pil1_set2;1B;2022-11-25 07:18:47.692;1;9;more than 3 hours daily;man;21;Študent informatika;2022-11-25 07:14:00.005
5;2;115;16;2;2022-11-25 07:19:27.813;2;1;pil1_set2;1B;2022-11-25 07:18:47.692;1;9;more than 3 hours daily;man;21;Študent informatika;2022-11-25 07:14:00.005
6;2;147;18;3;2022-11-25 07:19:45.088;2;1;pil1_set2;1B;2022-11-25 07:18:47.692;1;9;more than 3 hours daily;man;21;Študent informatika;2022-11-25 07:14:00.005
7;3;110;15;1;2022-11-25 07:22:38.653;3;1;pil1_set3;2A;2022-11-25 07:22:18.6;1;9;more than 3 hours daily;man;21;Študent informatika;2022-11-25 07:14:00.005
8;3;94;14;2;2022-11-25 07:22:57.349;3;1;pil1_set3;2A;2022-11-25 07:22:18.6;1;9;more than 3 hours daily;man;21;Študent informatika;2022-11-25 07:14:00.005
9;3;86;15;3;2022-11-25 07:23:15.231;3;1;pil1_set3;2A;2022-11-25 07:22:18.6;1;9;more than 3 hours daily;man;21;Študent informatika;2022-11-25 07:14:00.005
10;4;87;13;1;2022-11-25 07:25:46.044;4;1;pil1_set4;2B;2022-11-25 07:25:26.19;1;9;more than 3 hours daily;man;21;Študent informatika;2022-11-25 07:14:00.005
11;4;107;14;2;2022-11-25 07:26:06.625;4;1;pil1_set4;2B;2022-11-25 07:25:26.19;1;9;more than 3 hours daily;man;21;Študent informatika;2022-11-25 07:14:00.005
12;4;94;13;3;2022-11-25 07:26:24.525;4;1;pil1_set4;2B;2022-11-25 07:25:26.19;1;9;more than 3 hours daily;man;21;Študent informatika;2022-11-25 07:14:00.005
13;5;83;12;1;2022-11-25 07:29:59.86;5;1;pil1_set5;1C;2022-11-25 07:29:39.483;1;9;more than 3 hours daily;man;21;Študent informatika;2022-11-25 07:14:00.005
14;5;104;15;2;2022-11-25 07:30:20.17;5;1;pil1_set5;1C;2022-11-25 07:29:39.483;1;9;more than 3 hours daily;man;21;Študent informatika;2022-11-25 07:14:00.005
15;5;98;15;3;2022-11-25 07:30:38.01;5;1;pil1_set5;1C;2022-11-25 07:29:39.483;1;9;more than 3 hours daily;man;21;Študent informatika;2022-11-25 07:14:00.005
16;6;115;17;1;2022-11-26 11:10:29.358;6;2;res1_micr1000_sys10;1A;2022-11-26 11:09:47.85;2;5;2 - 3 hours daily;man;29;učiteľ;2022-11-26 11:09:47.721
17;6;100;16;2;2022-11-26 11:10:47.334;6;2;res1_micr1000_sys10;1A;2022-11-26 11:09:47.85;2;5;2 - 3 hours daily;man;29;učiteľ;2022-11-26 11:09:47.721
18;6;107;15;3;2022-11-26 11:11:05.046;6;2;res1_micr1000_sys10;1A;2022-11-26 11:09:47.85;2;5;2 - 3 hours daily;man;29;učiteľ;2022-11-26 11:09:47.721
19;7;69;15;1;2022-11-26 11:15:57.292;7;2;res1_dell2400_sys5;2A;2022-11-26 11:15:24.863;2;5;2 - 3 hours daily;man;29;učiteľ;2022-11-26 11:09:47.721
20;7;74;15;2;2022-11-26 11:16:17.721;7;2;res1_dell2400_sys5;2A;2022-11-26 11:15:24.863;2;5;2 - 3 hours daily;man;29;učiteľ;2022-11-26 11:09:47.721
21;7;89;15;3;2022-11-26 11:16:35.276;7;2;res1_dell2400_sys5;2A;2022-11-26 11:15:24.863;2;5;2 - 3 hours daily;man;29;učiteľ;2022-11-26 11:09:47.721
22;8;72;14;1;2022-11-26 11:19:46.291;8;2;res1_dell2400_sys10;1B;2022-11-26 11:19:22.032;2;5;2 - 3 hours daily;man;29;učiteľ;2022-11-26 11:09:47.721
23;8;73;14;2;2022-11-26 11:20:04.635;8;2;res1_dell2400_sys10;1B;2022-11-26 11:19:22.032;2;5;2 - 3 hours daily;man;29;učiteľ;2022-11-26 11:09:47.721
24;8;77;14;3;2022-11-26 11:20:22.053;8;2;res1_dell2400_sys10;1B;2022-11-26 11:19:22.032;2;5;2 - 3 hours daily;man;29;učiteľ;2022-11-26 11:09:47.721
25;9;69;15;1;2022-11-26 11:23:22.46;9;2;res1_dell2400_sys18;2B;2022-11-26 11:22:54.818;2;5;2 - 3 hours daily;man;29;učiteľ;2022-11-26 11:09:47.721
26;9;60;14;2;2022-11-26 11:23:41.301;9;2;res1_dell2400_sys18;2B;2022-11-26 11:22:54.818;2;5;2 - 3 hours daily;man;29;učiteľ;2022-11-26 11:09:47.721
27;9;53;14;3;2022-11-26 11:23:59.372;9;2;res1_dell2400_sys18;2B;2022-11-26 11:22:54.818;2;5;2 - 3 hours daily;man;29;učiteľ;2022-11-26 11:09:47.721
28;10;69;13;1;2022-11-26 11:27:28.931;10;2;res1_trust4800_sys10;1C;2022-11-26 11:26:56.337;2;5;2 - 3 hours daily;man;29;učiteľ;2022-11-26 11:09:47.721
29;10;64;14;2;2022-11-26 11:27:50.01;10;2;res1_trust4800_sys10;1C;2022-11-26 11:26:56.337;2;5;2 - 3 hours daily;man;29;učiteľ;2022-11-26 11:09:47.721
30;10;62;14;3;2022-11-26 11:28:07.931;10;2;res1_trust4800_sys10;1C;2022-11-26 11:26:56.337;2;5;2 - 3 hours daily;man;29;učiteľ;2022-11-26 11:09:47.721
31;11;99;13;1;2022-11-26 14:06:17.172;11;3;res2_micr1000_sys10;1B;2022-11-26 14:05:17.397;3;9;more than 3 hours daily;man;44;Geodet;2022-11-26 14:05:17.23
32;11;112;14;2;2022-11-26 14:06:40.04;11;3;res2_micr1000_sys10;1B;2022-11-26 14:05:17.397;3;9;more than 3 hours daily;man;44;Geodet;2022-11-26 14:05:17.23
33;11;122;15;3;2022-11-26 14:06:58.98;11;3;res2_micr1000_sys10;1B;2022-11-26 14:05:17.397;3;9;more than 3 hours daily;man;44;Geodet;2022-11-26 14:05:17.23
34;12;103;14;1;2022-11-26 14:12:21.909;12;3;res2_dell2400_sys5;2B;2022-11-26 14:11:55.237;3;9;more than 3 hours daily;man;44;Geodet;2022-11-26 14:05:17.23
35;12;95;13;2;2022-11-26 14:12:39.301;12;3;res2_dell2400_sys5;2B;2022-11-26 14:11:55.237;3;9;more than 3 hours daily;man;44;Geodet;2022-11-26 14:05:17.23
36;12;105;14;3;2022-11-26 14:12:57.548;12;3;res2_dell2400_sys5;2B;2022-11-26 14:11:55.237;3;9;more than 3 hours daily;man;44;Geodet;2022-11-26 14:05:17.23
37;13;98;13;1;2022-11-26 14:16:27.147;13;3;res2_dell2400_sys10;1C;2022-11-26 14:16:06.424;3;9;more than 3 hours daily;man;44;Geodet;2022-11-26 14:05:17.23
38;13;112;14;2;2022-11-26 14:16:45.053;13;3;res2_dell2400_sys10;1C;2022-11-26 14:16:06.424;3;9;more than 3 hours daily;man;44;Geodet;2022-11-26 14:05:17.23
39;13;106;14;3;2022-11-26 14:17:02.796;13;3;res2_dell2400_sys10;1C;2022-11-26 14:16:06.424;3;9;more than 3 hours daily;man;44;Geodet;2022-11-26 14:05:17.23
40;14;101;14;1;2022-11-26 14:19:35.469;14;3;res2_dell2400_sys18;2C;2022-11-26 14:19:15.135;3;9;more than 3 hours daily;man;44;Geodet;2022-11-26 14:05:17.23
41;14;101;15;2;2022-11-26 14:19:53.308;14;3;res2_dell2400_sys18;2C;2022-11-26 14:19:15.135;3;9;more than 3 hours daily;man;44;Geodet;2022-11-26 14:05:17.23
42;14;91;15;3;2022-11-26 14:20:12.675;14;3;res2_dell2400_sys18;2C;2022-11-26 14:19:15.135;3;9;more than 3 hours daily;man;44;Geodet;2022-11-26 14:05:17.23
43;15;109;14;1;2022-11-26 14:23:48.796;15;3;res2_trust4800_sys10;1A;2022-11-26 14:23:29.063;3;9;more than 3 hours daily;man;44;Geodet;2022-11-26 14:05:17.23
44;15;105;14;2;2022-11-26 14:24:07.42;15;3;res2_trust4800_sys10;1A;2022-11-26 14:23:29.063;3;9;more than 3 hours daily;man;44;Geodet;2022-11-26 14:05:17.23
45;15;106;14;3;2022-11-26 14:24:28.098;15;3;res2_trust4800_sys10;1A;2022-11-26 14:23:29.063;3;9;more than 3 hours daily;man;44;Geodet;2022-11-26 14:05:17.23
46;16;86;15;1;2022-11-26 14:29:53.772;16;4;res3_micr1000_sys10;1C;2022-11-26 14:29:06.453;4;8;2 - 3 hours daily;man;11;Ziak;2022-11-26 14:29:06.36
47;16;91;14;2;2022-11-26 14:30:14.828;16;4;res3_micr1000_sys10;1C;2022-11-26 14:29:06.453;4;8;2 - 3 hours daily;man;11;Ziak;2022-11-26 14:29:06.36
48;16;95;14;3;2022-11-26 14:30:33.126;16;4;res3_micr1000_sys10;1C;2022-11-26 14:29:06.453;4;8;2 - 3 hours daily;man;11;Ziak;2022-11-26 14:29:06.36
49;17;86;17;1;2022-11-26 14:34:52.133;17;4;res3_dell2400_sys5;2C;2022-11-26 14:34:30.367;4;8;2 - 3 hours daily;man;11;Ziak;2022-11-26 14:29:06.36
50;17;87;18;2;2022-11-26 14:35:11.26;17;4;res3_dell2400_sys5;2C;2022-11-26 14:34:30.367;4;8;2 - 3 hours daily;man;11;Ziak;2022-11-26 14:29:06.36
51;17;110;20;3;2022-11-26 14:35:29.765;17;4;res3_dell2400_sys5;2C;2022-11-26 14:34:30.367;4;8;2 - 3 hours daily;man;11;Ziak;2022-11-26 14:29:06.36
52;18;86;18;1;2022-11-26 14:38:18.507;18;4;res3_dell2400_sys10;1A;2022-11-26 14:37:58.654;4;8;2 - 3 hours daily;man;11;Ziak;2022-11-26 14:29:06.36
53;18;84;16;2;2022-11-26 14:38:38.634;18;4;res3_dell2400_sys10;1A;2022-11-26 14:37:58.654;4;8;2 - 3 hours daily;man;11;Ziak;2022-11-26 14:29:06.36
54;18;78;17;3;2022-11-26 14:38:57.217;18;4;res3_dell2400_sys10;1A;2022-11-26 14:37:58.654;4;8;2 - 3 hours daily;man;11;Ziak;2022-11-26 14:29:06.36
55;19;59;15;1;2022-11-26 14:41:25.027;19;4;res3_dell2400_sys18;2A;2022-11-26 14:41:01.567;4;8;2 - 3 hours daily;man;11;Ziak;2022-11-26 14:29:06.36
56;19;80;16;2;2022-11-26 14:41:46.482;19;4;res3_dell2400_sys18;2A;2022-11-26 14:41:01.567;4;8;2 - 3 hours daily;man;11;Ziak;2022-11-26 14:29:06.36
57;19;55;16;3;2022-11-26 14:42:06.389;19;4;res3_dell2400_sys18;2A;2022-11-26 14:41:01.567;4;8;2 - 3 hours daily;man;11;Ziak;2022-11-26 14:29:06.36
58;20;95;15;1;2022-11-26 14:45:33.9;20;4;res3_trust4800_sys10;1B;2022-11-26 14:45:14.363;4;8;2 - 3 hours daily;man;11;Ziak;2022-11-26 14:29:06.36
59;20;84;15;2;2022-11-26 14:45:54.045;20;4;res3_trust4800_sys10;1B;2022-11-26 14:45:14.363;4;8;2 - 3 hours daily;man;11;Ziak;2022-11-26 14:29:06.36
60;20;91;16;3;2022-11-26 14:46:13.557;20;4;res3_trust4800_sys10;1B;2022-11-26 14:45:14.363;4;8;2 - 3 hours daily;man;11;Ziak;2022-11-26 14:29:06.36
61;21;119;22;1;2022-11-26 14:56:12.685;21;5;res4_micr1000_sys10;2A;2022-11-26 14:55:48.955;5;7;2 - 3 hours daily;man;21;študent - logistika;2022-11-26 14:55:48.759
62;21;117;21;2;2022-11-26 14:56:36.027;21;5;res4_micr1000_sys10;2A;2022-11-26 14:55:48.955;5;7;2 - 3 hours daily;man;21;študent - logistika;2022-11-26 14:55:48.759
63;21;133;23;3;2022-11-26 14:56:55.557;21;5;res4_micr1000_sys10;2A;2022-11-26 14:55:48.955;5;7;2 - 3 hours daily;man;21;študent - logistika;2022-11-26 14:55:48.759
64;22;80;20;1;2022-11-26 15:00:45.058;22;5;res4_dell2400_sys5;1A;2022-11-26 15:00:25.283;5;7;2 - 3 hours daily;man;21;študent - logistika;2022-11-26 14:55:48.759
65;22;91;20;2;2022-11-26 15:01:04.181;22;5;res4_dell2400_sys5;1A;2022-11-26 15:00:25.283;5;7;2 - 3 hours daily;man;21;študent - logistika;2022-11-26 14:55:48.759
66;22;99;21;3;2022-11-26 15:01:21.539;22;5;res4_dell2400_sys5;1A;2022-11-26 15:00:25.283;5;7;2 - 3 hours daily;man;21;študent - logistika;2022-11-26 14:55:48.759
67;23;95;16;1;2022-11-26 15:03:53.65;23;5;res4_dell2400_sys10;2B;2022-11-26 15:03:33.626;5;7;2 - 3 hours daily;man;21;študent - logistika;2022-11-26 14:55:48.759
68;23;98;17;2;2022-11-26 15:04:11.603;23;5;res4_dell2400_sys10;2B;2022-11-26 15:03:33.626;5;7;2 - 3 hours daily;man;21;študent - logistika;2022-11-26 14:55:48.759
69;23;83;16;3;2022-11-26 15:04:29.437;23;5;res4_dell2400_sys10;2B;2022-11-26 15:03:33.626;5;7;2 - 3 hours daily;man;21;študent - logistika;2022-11-26 14:55:48.759
70;24;85;18;1;2022-11-26 15:06:53.547;24;5;res4_dell2400_sys18;1B;2022-11-26 15:06:32.672;5;7;2 - 3 hours daily;man;21;študent - logistika;2022-11-26 14:55:48.759
71;24;90;17;2;2022-11-26 15:07:11.044;24;5;res4_dell2400_sys18;1B;2022-11-26 15:06:32.672;5;7;2 - 3 hours daily;man;21;študent - logistika;2022-11-26 14:55:48.759
72;24;83;18;3;2022-11-26 15:07:29.323;24;5;res4_dell2400_sys18;1B;2022-11-26 15:06:32.672;5;7;2 - 3 hours daily;man;21;študent - logistika;2022-11-26 14:55:48.759
73;25;79;18;1;2022-11-26 15:10:49.507;25;5;res4_trust4800_sys10;2C;2022-11-26 15:10:29.952;5;7;2 - 3 hours daily;man;21;študent - logistika;2022-11-26 14:55:48.759
74;25;64;18;2;2022-11-26 15:11:07.828;25;5;res4_trust4800_sys10;2C;2022-11-26 15:10:29.952;5;7;2 - 3 hours daily;man;21;študent - logistika;2022-11-26 14:55:48.759
75;25;87;19;3;2022-11-26 15:11:25.613;25;5;res4_trust4800_sys10;2C;2022-11-26 15:10:29.952;5;7;2 - 3 hours daily;man;21;študent - logistika;2022-11-26 14:55:48.759
76;26;134;18;1;2022-11-26 15:18:36.452;26;6;res5_micr1000_sys10;1A;2022-11-26 15:17:56.207;6;8;2 - 3 hours weekly;woman;20;študent, ekonomika a manažment podniku;2022-11-26 15:17:56.093
77;26;131;17;2;2022-11-26 15:18:57.938;26;6;res5_micr1000_sys10;1A;2022-11-26 15:17:56.207;6;8;2 - 3 hours weekly;woman;20;študent, ekonomika a manažment podniku;2022-11-26 15:17:56.093
78;26;128;17;3;2022-11-26 15:19:15.684;26;6;res5_micr1000_sys10;1A;2022-11-26 15:17:56.207;6;8;2 - 3 hours weekly;woman;20;študent, ekonomika a manažment podniku;2022-11-26 15:17:56.093
79;27;121;18;1;2022-11-26 15:22:53.284;27;6;res5_dell2400_sys5;2A;2022-11-26 15:22:32.831;6;8;2 - 3 hours weekly;woman;20;študent, ekonomika a manažment podniku;2022-11-26 15:17:56.093
80;27;133;18;2;2022-11-26 15:23:10.955;27;6;res5_dell2400_sys5;2A;2022-11-26 15:22:32.831;6;8;2 - 3 hours weekly;woman;20;študent, ekonomika a manažment podniku;2022-11-26 15:17:56.093
81;27;115;18;3;2022-11-26 15:23:28.532;27;6;res5_dell2400_sys5;2A;2022-11-26 15:22:32.831;6;8;2 - 3 hours weekly;woman;20;študent, ekonomika a manažment podniku;2022-11-26 15:17:56.093
82;28;85;15;1;2022-11-26 15:26:30.617;28;6;res5_dell2400_sys10;1B;2022-11-26 15:26:09.935;6;8;2 - 3 hours weekly;woman;20;študent, ekonomika a manažment podniku;2022-11-26 15:17:56.093
83;28;103;18;2;2022-11-26 15:26:48.461;28;6;res5_dell2400_sys10;1B;2022-11-26 15:26:09.935;6;8;2 - 3 hours weekly;woman;20;študent, ekonomika a manažment podniku;2022-11-26 15:17:56.093
84;28;118;18;3;2022-11-26 15:27:07.742;28;6;res5_dell2400_sys10;1B;2022-11-26 15:26:09.935;6;8;2 - 3 hours weekly;woman;20;študent, ekonomika a manažment podniku;2022-11-26 15:17:56.093
85;29;105;15;1;2022-11-26 15:30:09.69;29;6;res5_dell2400_sys18;2B;2022-11-26 15:29:49.077;6;8;2 - 3 hours weekly;woman;20;študent, ekonomika a manažment podniku;2022-11-26 15:17:56.093
86;29;79;16;2;2022-11-26 15:30:27.948;29;6;res5_dell2400_sys18;2B;2022-11-26 15:29:49.077;6;8;2 - 3 hours weekly;woman;20;študent, ekonomika a manažment podniku;2022-11-26 15:17:56.093
87;29;96;16;3;2022-11-26 15:30:47.074;29;6;res5_dell2400_sys18;2B;2022-11-26 15:29:49.077;6;8;2 - 3 hours weekly;woman;20;študent, ekonomika a manažment podniku;2022-11-26 15:17:56.093
88;30;100;17;1;2022-11-26 15:34:04.611;30;6;res5_trust4800_sys10;1C;2022-11-26 15:33:42.018;6;8;2 - 3 hours weekly;woman;20;študent, ekonomika a manažment podniku;2022-11-26 15:17:56.093
89;30;86;16;2;2022-11-26 15:34:22.524;30;6;res5_trust4800_sys10;1C;2022-11-26 15:33:42.018;6;8;2 - 3 hours weekly;woman;20;študent, ekonomika a manažment podniku;2022-11-26 15:17:56.093
90;30;63;17;3;2022-11-26 15:34:46.643;30;6;res5_trust4800_sys10;1C;2022-11-26 15:33:42.018;6;8;2 - 3 hours weekly;woman;20;študent, ekonomika a manažment podniku;2022-11-26 15:17:56.093
91;31;73;13;1;2022-11-26 15:44:13.877;31;7;res6_micr1000_sys10;1B;2022-11-26 15:43:13.705;7;8;2 - 3 hours daily;woman;44;učiteľ;2022-11-26 15:43:13.609
92;31;86;14;2;2022-11-26 15:44:37.435;31;7;res6_micr1000_sys10;1B;2022-11-26 15:43:13.705;7;8;2 - 3 hours daily;woman;44;učiteľ;2022-11-26 15:43:13.609
93;31;65;16;3;2022-11-26 15:44:55.586;31;7;res6_micr1000_sys10;1B;2022-11-26 15:43:13.705;7;8;2 - 3 hours daily;woman;44;učiteľ;2022-11-26 15:43:13.609
94;32;74;15;1;2022-11-26 15:49:17.661;32;7;res6_dell2400_sys5;2B;2022-11-26 15:48:53.169;7;8;2 - 3 hours daily;woman;44;učiteľ;2022-11-26 15:43:13.609
95;32;72;13;2;2022-11-26 15:49:36.14;32;7;res6_dell2400_sys5;2B;2022-11-26 15:48:53.169;7;8;2 - 3 hours daily;woman;44;učiteľ;2022-11-26 15:43:13.609
96;32;83;15;3;2022-11-26 15:49:54.427;32;7;res6_dell2400_sys5;2B;2022-11-26 15:48:53.169;7;8;2 - 3 hours daily;woman;44;učiteľ;2022-11-26 15:43:13.609
97;33;75;13;1;2022-11-26 15:54:19.42;33;7;res6_dell2400_sys10;1C;2022-11-26 15:53:58.043;7;8;2 - 3 hours daily;woman;44;učiteľ;2022-11-26 15:43:13.609
98;33;83;15;2;2022-11-26 15:54:37.18;33;7;res6_dell2400_sys10;1C;2022-11-26 15:53:58.043;7;8;2 - 3 hours daily;woman;44;učiteľ;2022-11-26 15:43:13.609
99;33;67;15;3;2022-11-26 15:54:54.732;33;7;res6_dell2400_sys10;1C;2022-11-26 15:53:58.043;7;8;2 - 3 hours daily;woman;44;učiteľ;2022-11-26 15:43:13.609
100;34;53;13;1;2022-11-26 15:58:10.308;34;7;res6_dell2400_sys18;2C;2022-11-26 15:57:47.956;7;8;2 - 3 hours daily;woman;44;učiteľ;2022-11-26 15:43:13.609
101;34;55;11;2;2022-11-26 15:58:29.005;34;7;res6_dell2400_sys18;2C;2022-11-26 15:57:47.956;7;8;2 - 3 hours daily;woman;44;učiteľ;2022-11-26 15:43:13.609
102;34;49;12;3;2022-11-26 15:58:47.635;34;7;res6_dell2400_sys18;2C;2022-11-26 15:57:47.956;7;8;2 - 3 hours daily;woman;44;učiteľ;2022-11-26 15:43:13.609
103;35;72;13;1;2022-11-26 16:03:05.661;35;7;res6_trust4800_sys10;1A;2022-11-26 16:02:43.963;7;8;2 - 3 hours daily;woman;44;učiteľ;2022-11-26 15:43:13.609
104;35;65;14;2;2022-11-26 16:03:23.848;35;7;res6_trust4800_sys10;1A;2022-11-26 16:02:43.963;7;8;2 - 3 hours daily;woman;44;učiteľ;2022-11-26 15:43:13.609
105;35;70;14;3;2022-11-26 16:03:41.876;35;7;res6_trust4800_sys10;1A;2022-11-26 16:02:43.963;7;8;2 - 3 hours daily;woman;44;učiteľ;2022-11-26 15:43:13.609
106;36;60;10;1;2022-11-26 16:11:01.149;36;8;res7_micr1000_sys10;1C;2022-11-26 16:10:14.412;8;1;less than 1 hour weekly;woman;68;dochodca;2022-11-26 16:10:14.318
107;36;42;9;2;2022-11-26 16:11:21.029;36;8;res7_micr1000_sys10;1C;2022-11-26 16:10:14.412;8;1;less than 1 hour weekly;woman;68;dochodca;2022-11-26 16:10:14.318
108;36;65;11;3;2022-11-26 16:11:41.058;36;8;res7_micr1000_sys10;1C;2022-11-26 16:10:14.412;8;1;less than 1 hour weekly;woman;68;dochodca;2022-11-26 16:10:14.318
109;37;42;8;1;2022-11-26 16:16:41.46;37;8;res7_dell2400_sys5;2C;2022-11-26 16:16:15.896;8;1;less than 1 hour weekly;woman;68;dochodca;2022-11-26 16:10:14.318
110;37;37;8;2;2022-11-26 16:17:00.493;37;8;res7_dell2400_sys5;2C;2022-11-26 16:16:15.896;8;1;less than 1 hour weekly;woman;68;dochodca;2022-11-26 16:10:14.318
111;37;41;9;3;2022-11-26 16:17:18.491;37;8;res7_dell2400_sys5;2C;2022-11-26 16:16:15.896;8;1;less than 1 hour weekly;woman;68;dochodca;2022-11-26 16:10:14.318
112;38;33;9;1;2022-11-26 16:20:53.172;38;8;res7_dell2400_sys10;1A;2022-11-26 16:20:23.188;8;1;less than 1 hour weekly;woman;68;dochodca;2022-11-26 16:10:14.318
113;38;26;9;2;2022-11-26 16:21:11.468;38;8;res7_dell2400_sys10;1A;2022-11-26 16:20:23.188;8;1;less than 1 hour weekly;woman;68;dochodca;2022-11-26 16:10:14.318
114;38;36;9;3;2022-11-26 16:21:30.864;38;8;res7_dell2400_sys10;1A;2022-11-26 16:20:23.188;8;1;less than 1 hour weekly;woman;68;dochodca;2022-11-26 16:10:14.318
115;39;30;9;1;2022-11-26 16:24:56.228;39;8;res7_dell2400_sys18;2A;2022-11-26 16:24:23.448;8;1;less than 1 hour weekly;woman;68;dochodca;2022-11-26 16:10:14.318
116;39;34;9;2;2022-11-26 16:25:15.85;39;8;res7_dell2400_sys18;2A;2022-11-26 16:24:23.448;8;1;less than 1 hour weekly;woman;68;dochodca;2022-11-26 16:10:14.318
117;39;32;9;3;2022-11-26 16:25:34.715;39;8;res7_dell2400_sys18;2A;2022-11-26 16:24:23.448;8;1;less than 1 hour weekly;woman;68;dochodca;2022-11-26 16:10:14.318
118;40;17;7;1;2022-11-26 16:29:35.755;40;8;res7_trust4800_sys10;1B;2022-11-26 16:29:05.926;8;1;less than 1 hour weekly;woman;68;dochodca;2022-11-26 16:10:14.318
119;40;20;8;2;2022-11-26 16:29:54.885;40;8;res7_trust4800_sys10;1B;2022-11-26 16:29:05.926;8;1;less than 1 hour weekly;woman;68;dochodca;2022-11-26 16:10:14.318
120;40;36;10;3;2022-11-26 16:30:14.33;40;8;res7_trust4800_sys10;1B;2022-11-26 16:29:05.926;8;1;less than 1 hour weekly;woman;68;dochodca;2022-11-26 16:10:14.318
121;41;47;9;1;2022-11-27 10:48:56.173;41;9;res8_micr1000_sys10;2B;2022-11-27 10:47:37.638;9;7;more than 3 hours daily;man;63;obchodný zástupca poisťovne;2022-11-27 10:47:37.507
122;41;59;10;2;2022-11-27 10:49:18.5;41;9;res8_micr1000_sys10;2B;2022-11-27 10:47:37.638;9;7;more than 3 hours daily;man;63;obchodný zástupca poisťovne;2022-11-27 10:47:37.507
123;41;59;11;3;2022-11-27 10:49:37.613;41;9;res8_micr1000_sys10;2B;2022-11-27 10:47:37.638;9;7;more than 3 hours daily;man;63;obchodný zástupca poisťovne;2022-11-27 10:47:37.507
124;42;43;9;1;2022-11-27 10:56:20.018;42;9;res8_dell2400_sys5;1B;2022-11-27 10:55:51.769;9;7;more than 3 hours daily;man;63;obchodný zástupca poisťovne;2022-11-27 10:47:37.507
125;42;59;11;2;2022-11-27 10:56:38.627;42;9;res8_dell2400_sys5;1B;2022-11-27 10:55:51.769;9;7;more than 3 hours daily;man;63;obchodný zástupca poisťovne;2022-11-27 10:47:37.507
126;42;46;10;3;2022-11-27 10:57:00.31;42;9;res8_dell2400_sys5;1B;2022-11-27 10:55:51.769;9;7;more than 3 hours daily;man;63;obchodný zástupca poisťovne;2022-11-27 10:47:37.507
127;43;28;8;1;2022-11-27 11:00:50.749;43;9;res8_dell2400_sys10;2C;2022-11-27 11:00:25.021;9;7;more than 3 hours daily;man;63;obchodný zástupca poisťovne;2022-11-27 10:47:37.507
128;43;49;9;2;2022-11-27 11:01:12.077;43;9;res8_dell2400_sys10;2C;2022-11-27 11:00:25.021;9;7;more than 3 hours daily;man;63;obchodný zástupca poisťovne;2022-11-27 10:47:37.507
129;43;47;9;3;2022-11-27 11:01:32.564;43;9;res8_dell2400_sys10;2C;2022-11-27 11:00:25.021;9;7;more than 3 hours daily;man;63;obchodný zástupca poisťovne;2022-11-27 10:47:37.507
130;44;25;8;1;2022-11-27 11:05:16.989;44;9;res8_dell2400_sys18;1C;2022-11-27 11:04:52.791;9;7;more than 3 hours daily;man;63;obchodný zástupca poisťovne;2022-11-27 10:47:37.507
131;44;29;8;2;2022-11-27 11:05:36.566;44;9;res8_dell2400_sys18;1C;2022-11-27 11:04:52.791;9;7;more than 3 hours daily;man;63;obchodný zástupca poisťovne;2022-11-27 10:47:37.507
132;44;48;9;3;2022-11-27 11:05:56.687;44;9;res8_dell2400_sys18;1C;2022-11-27 11:04:52.791;9;7;more than 3 hours daily;man;63;obchodný zástupca poisťovne;2022-11-27 10:47:37.507
133;45;55;10;1;2022-11-27 11:10:05.94;45;9;res8_trust4800_sys10;2A;2022-11-27 11:09:43.311;9;7;more than 3 hours daily;man;63;obchodný zástupca poisťovne;2022-11-27 10:47:37.507
134;45;38;9;2;2022-11-27 11:10:39.566;45;9;res8_trust4800_sys10;2A;2022-11-27 11:09:43.311;9;7;more than 3 hours daily;man;63;obchodný zástupca poisťovne;2022-11-27 10:47:37.507
135;45;33;8;3;2022-11-27 11:11:00.541;45;9;res8_trust4800_sys10;2A;2022-11-27 11:09:43.311;9;7;more than 3 hours daily;man;63;obchodný zástupca poisťovne;2022-11-27 10:47:37.507
136;46;103;14;1;2022-11-27 11:20:53.316;46;10;res9_micr1000_sys10;2A;2022-11-27 11:20:03.305;10;4;2 - 3 hours weekly;woman;28;učiteľka;2022-11-27 11:20:03.212
137;46;119;15;2;2022-11-27 11:21:16.381;46;10;res9_micr1000_sys10;2A;2022-11-27 11:20:03.305;10;4;2 - 3 hours weekly;woman;28;učiteľka;2022-11-27 11:20:03.212
138;46;97;13;3;2022-11-27 11:21:38.712;46;10;res9_micr1000_sys10;2A;2022-11-27 11:20:03.305;10;4;2 - 3 hours weekly;woman;28;učiteľka;2022-11-27 11:20:03.212
139;47;77;12;1;2022-11-27 11:26:31.808;47;10;res9_dell2400_sys5;1A;2022-11-27 11:26:05.236;10;4;2 - 3 hours weekly;woman;28;učiteľka;2022-11-27 11:20:03.212
140;47;95;14;2;2022-11-27 11:27:12.08;47;10;res9_dell2400_sys5;1A;2022-11-27 11:26:05.236;10;4;2 - 3 hours weekly;woman;28;učiteľka;2022-11-27 11:20:03.212
141;47;96;14;3;2022-11-27 11:27:31.984;47;10;res9_dell2400_sys5;1A;2022-11-27 11:26:05.236;10;4;2 - 3 hours weekly;woman;28;učiteľka;2022-11-27 11:20:03.212
142;48;69;12;1;2022-11-27 11:30:25.76;48;10;res9_dell2400_sys10;2B;2022-11-27 11:30:02.235;10;4;2 - 3 hours weekly;woman;28;učiteľka;2022-11-27 11:20:03.212
143;48;75;13;2;2022-11-27 11:30:47.888;48;10;res9_dell2400_sys10;2B;2022-11-27 11:30:02.235;10;4;2 - 3 hours weekly;woman;28;učiteľka;2022-11-27 11:20:03.212
144;48;78;12;3;2022-11-27 11:31:06.505;48;10;res9_dell2400_sys10;2B;2022-11-27 11:30:02.235;10;4;2 - 3 hours weekly;woman;28;učiteľka;2022-11-27 11:20:03.212
145;49;67;13;1;2022-11-27 11:35:21.224;49;10;res9_dell2400_sys18;1B;2022-11-27 11:34:44.683;10;4;2 - 3 hours weekly;woman;28;učiteľka;2022-11-27 11:20:03.212
146;49;53;12;2;2022-11-27 11:35:53.307;49;10;res9_dell2400_sys18;1B;2022-11-27 11:34:44.683;10;4;2 - 3 hours weekly;woman;28;učiteľka;2022-11-27 11:20:03.212
147;49;56;14;3;2022-11-27 11:36:13.953;49;10;res9_dell2400_sys18;1B;2022-11-27 11:34:44.683;10;4;2 - 3 hours weekly;woman;28;učiteľka;2022-11-27 11:20:03.212
148;50;53;12;1;2022-11-27 11:40:12.849;50;10;res9_trust4800_sys10;2C;2022-11-27 11:39:38.632;10;4;2 - 3 hours weekly;woman;28;učiteľka;2022-11-27 11:20:03.212
149;50;58;12;2;2022-11-27 11:40:34.352;50;10;res9_trust4800_sys10;2C;2022-11-27 11:39:38.632;10;4;2 - 3 hours weekly;woman;28;učiteľka;2022-11-27 11:20:03.212
150;50;68;15;3;2022-11-27 11:40:52.616;50;10;res9_trust4800_sys10;2C;2022-11-27 11:39:38.632;10;4;2 - 3 hours weekly;woman;28;učiteľka;2022-11-27 11:20:03.212
151;51;67;13;1;2022-11-27 13:05:12.198;51;11;res10_micr1000_sys10;2B;2022-11-27 13:04:09.313;11;5;more than 3 hours daily;woman;61;účtovníčka;2022-11-27 13:04:09.163
152;51;98;15;2;2022-11-27 13:05:35.142;51;11;res10_micr1000_sys10;2B;2022-11-27 13:04:09.313;11;5;more than 3 hours daily;woman;61;účtovníčka;2022-11-27 13:04:09.163
153;51;118;16;3;2022-11-27 13:05:53.288;51;11;res10_micr1000_sys10;2B;2022-11-27 13:04:09.313;11;5;more than 3 hours daily;woman;61;účtovníčka;2022-11-27 13:04:09.163
154;52;38;11;1;2022-11-27 13:11:17.772;52;11;res10_dell2400_sys5;1B;2022-11-27 13:10:45.894;11;5;more than 3 hours daily;woman;61;účtovníčka;2022-11-27 13:04:09.163
155;52;53;13;2;2022-11-27 13:11:36.822;52;11;res10_dell2400_sys5;1B;2022-11-27 13:10:45.894;11;5;more than 3 hours daily;woman;61;účtovníčka;2022-11-27 13:04:09.163
156;52;74;14;3;2022-11-27 13:11:55.585;52;11;res10_dell2400_sys5;1B;2022-11-27 13:10:45.894;11;5;more than 3 hours daily;woman;61;účtovníčka;2022-11-27 13:04:09.163
157;53;46;12;1;2022-11-27 13:15:29.02;53;11;res10_dell2400_sys10;2C;2022-11-27 13:15:05.346;11;5;more than 3 hours daily;woman;61;účtovníčka;2022-11-27 13:04:09.163
158;53;56;12;2;2022-11-27 13:15:48.188;53;11;res10_dell2400_sys10;2C;2022-11-27 13:15:05.346;11;5;more than 3 hours daily;woman;61;účtovníčka;2022-11-27 13:04:09.163
159;53;52;13;3;2022-11-27 13:16:07.502;53;11;res10_dell2400_sys10;2C;2022-11-27 13:15:05.346;11;5;more than 3 hours daily;woman;61;účtovníčka;2022-11-27 13:04:09.163
160;54;42;11;1;2022-11-27 13:19:50.142;54;11;res10_dell2400_sys18;1C;2022-11-27 13:19:21.717;11;5;more than 3 hours daily;woman;61;účtovníčka;2022-11-27 13:04:09.163
161;54;49;11;2;2022-11-27 13:20:08.854;54;11;res10_dell2400_sys18;1C;2022-11-27 13:19:21.717;11;5;more than 3 hours daily;woman;61;účtovníčka;2022-11-27 13:04:09.163
162;54;58;12;3;2022-11-27 13:20:27.034;54;11;res10_dell2400_sys18;1C;2022-11-27 13:19:21.717;11;5;more than 3 hours daily;woman;61;účtovníčka;2022-11-27 13:04:09.163
163;55;43;10;1;2022-11-27 13:24:10.74;55;11;res10_trust4800_sys10;2A;2022-11-27 13:23:45.04;11;5;more than 3 hours daily;woman;61;účtovníčka;2022-11-27 13:04:09.163
164;55;45;10;2;2022-11-27 13:24:28.749;55;11;res10_trust4800_sys10;2A;2022-11-27 13:23:45.04;11;5;more than 3 hours daily;woman;61;účtovníčka;2022-11-27 13:04:09.163
165;55;69;13;3;2022-11-27 13:24:48.003;55;11;res10_trust4800_sys10;2A;2022-11-27 13:23:45.04;11;5;more than 3 hours daily;woman;61;účtovníčka;2022-11-27 13:04:09.163
166;56;109;16;1;2022-11-28 13:08:44.896;56;12;res11_micr1000_sys10;2C;2022-11-28 13:08:02.081;12;9;more than 3 hours daily;woman;25;Programatorka;2022-11-28 13:08:01.832
167;56;112;17;2;2022-11-28 13:09:05.689;56;12;res11_micr1000_sys10;2C;2022-11-28 13:08:02.081;12;9;more than 3 hours daily;woman;25;Programatorka;2022-11-28 13:08:01.832
168;56;119;17;3;2022-11-28 13:09:23.598;56;12;res11_micr1000_sys10;2C;2022-11-28 13:08:02.081;12;9;more than 3 hours daily;woman;25;Programatorka;2022-11-28 13:08:01.832
169;57;84;16;1;2022-11-28 13:13:49.341;57;12;res11_dell2400_sys5;1C;2022-11-28 13:13:20.579;12;9;more than 3 hours daily;woman;25;Programatorka;2022-11-28 13:08:01.832
170;57;111;17;2;2022-11-28 13:14:10.611;57;12;res11_dell2400_sys5;1C;2022-11-28 13:13:20.579;12;9;more than 3 hours daily;woman;25;Programatorka;2022-11-28 13:08:01.832
171;57;95;18;3;2022-11-28 13:14:28.484;57;12;res11_dell2400_sys5;1C;2022-11-28 13:13:20.579;12;9;more than 3 hours daily;woman;25;Programatorka;2022-11-28 13:08:01.832
172;58;90;15;1;2022-11-28 13:17:11.592;58;12;res11_dell2400_sys10;2A;2022-11-28 13:16:46.665;12;9;more than 3 hours daily;woman;25;Programatorka;2022-11-28 13:08:01.832
173;58;72;16;2;2022-11-28 13:17:30.86;58;12;res11_dell2400_sys10;2A;2022-11-28 13:16:46.665;12;9;more than 3 hours daily;woman;25;Programatorka;2022-11-28 13:08:01.832
174;58;71;15;3;2022-11-28 13:17:48.518;58;12;res11_dell2400_sys10;2A;2022-11-28 13:16:46.665;12;9;more than 3 hours daily;woman;25;Programatorka;2022-11-28 13:08:01.832
175;59;83;15;1;2022-11-28 13:22:33.295;59;12;res11_dell2400_sys18;1A;2022-11-28 13:21:57.021;12;9;more than 3 hours daily;woman;25;Programatorka;2022-11-28 13:08:01.832
176;59;87;16;2;2022-11-28 13:22:51.226;59;12;res11_dell2400_sys18;1A;2022-11-28 13:21:57.021;12;9;more than 3 hours daily;woman;25;Programatorka;2022-11-28 13:08:01.832
177;59;83;18;3;2022-11-28 13:23:08.861;59;12;res11_dell2400_sys18;1A;2022-11-28 13:21:57.021;12;9;more than 3 hours daily;woman;25;Programatorka;2022-11-28 13:08:01.832
178;60;81;15;1;2022-11-28 13:28:08.679;60;12;res11_trust4800_sys10;2B;2022-11-28 13:26:51.409;12;9;more than 3 hours daily;woman;25;Programatorka;2022-11-28 13:08:01.832
179;60;74;16;2;2022-11-28 13:28:28.174;60;12;res11_trust4800_sys10;2B;2022-11-28 13:26:51.409;12;9;more than 3 hours daily;woman;25;Programatorka;2022-11-28 13:08:01.832
180;60;87;16;3;2022-11-28 13:28:46.47;60;12;res11_trust4800_sys10;2B;2022-11-28 13:26:51.409;12;9;more than 3 hours daily;woman;25;Programatorka;2022-11-28 13:08:01.832
181;61;104;16;1;2022-11-28 13:36:53.694;61;13;res12_micr1000_sys10;2C;2022-11-28 13:36:09.935;13;10;more than 3 hours daily;man;22;Študent informatika;2022-11-28 13:36:09.84
182;61;142;17;2;2022-11-28 13:37:14.612;61;13;res12_micr1000_sys10;2C;2022-11-28 13:36:09.935;13;10;more than 3 hours daily;man;22;Študent informatika;2022-11-28 13:36:09.84
183;61;150;18;3;2022-11-28 13:37:35.602;61;13;res12_micr1000_sys10;2C;2022-11-28 13:36:09.935;13;10;more than 3 hours daily;man;22;Študent informatika;2022-11-28 13:36:09.84
184;62;102;15;1;2022-11-28 13:42:22.43;62;13;res12_dell2400_sys5;1C;2022-11-28 13:41:59.111;13;10;more than 3 hours daily;man;22;Študent informatika;2022-11-28 13:36:09.84
185;62;123;16;2;2022-11-28 13:42:41.252;62;13;res12_dell2400_sys5;1C;2022-11-28 13:41:59.111;13;10;more than 3 hours daily;man;22;Študent informatika;2022-11-28 13:36:09.84
186;62;133;17;3;2022-11-28 13:43:01.796;62;13;res12_dell2400_sys5;1C;2022-11-28 13:41:59.111;13;10;more than 3 hours daily;man;22;Študent informatika;2022-11-28 13:36:09.84
187;63;96;14;1;2022-11-28 13:47:34.269;63;13;res12_dell2400_sys10;2A;2022-11-28 13:46:58.436;13;10;more than 3 hours daily;man;22;Študent informatika;2022-11-28 13:36:09.84
188;63;110;15;2;2022-11-28 13:47:53.614;63;13;res12_dell2400_sys10;2A;2022-11-28 13:46:58.436;13;10;more than 3 hours daily;man;22;Študent informatika;2022-11-28 13:36:09.84
189;63;125;17;3;2022-11-28 13:48:11.513;63;13;res12_dell2400_sys10;2A;2022-11-28 13:46:58.436;13;10;more than 3 hours daily;man;22;Študent informatika;2022-11-28 13:36:09.84
190;64;91;14;1;2022-11-28 13:51:04.46;64;13;res12_dell2400_sys18;1A;2022-11-28 13:50:41.616;13;10;more than 3 hours daily;man;22;Študent informatika;2022-11-28 13:36:09.84
191;64;98;16;2;2022-11-28 13:51:23.197;64;13;res12_dell2400_sys18;1A;2022-11-28 13:50:41.616;13;10;more than 3 hours daily;man;22;Študent informatika;2022-11-28 13:36:09.84
192;64;89;15;3;2022-11-28 13:51:41.186;64;13;res12_dell2400_sys18;1A;2022-11-28 13:50:41.616;13;10;more than 3 hours daily;man;22;Študent informatika;2022-11-28 13:36:09.84
193;65;93;15;1;2022-11-28 13:55:07.244;65;13;res12_trust4800_sys10;2B;2022-11-28 13:54:36.789;13;10;more than 3 hours daily;man;22;Študent informatika;2022-11-28 13:36:09.84
194;65;92;15;2;2022-11-28 13:55:26.451;65;13;res12_trust4800_sys10;2B;2022-11-28 13:54:36.789;13;10;more than 3 hours daily;man;22;Študent informatika;2022-11-28 13:36:09.84
195;65;80;14;3;2022-11-28 13:55:44.256;65;13;res12_trust4800_sys10;2B;2022-11-28 13:54:36.789;13;10;more than 3 hours daily;man;22;Študent informatika;2022-11-28 13:36:09.84
196;66;125;15;1;2022-11-28 14:04:04.5;66;14;res13_micr1000_sys10;1A;2022-11-28 14:03:02.274;14;9;more than 3 hours daily;man;25;programátor;2022-11-28 14:03:02.179
197;66;127;19;2;2022-11-28 14:04:33.886;66;14;res13_micr1000_sys10;1A;2022-11-28 14:03:02.274;14;9;more than 3 hours daily;man;25;programátor;2022-11-28 14:03:02.179
198;66;129;19;3;2022-11-28 14:04:55.598;66;14;res13_micr1000_sys10;1A;2022-11-28 14:03:02.274;14;9;more than 3 hours daily;man;25;programátor;2022-11-28 14:03:02.179
199;67;112;18;1;2022-11-28 14:09:40.822;67;14;res13_dell2400_sys5;2B;2022-11-28 14:09:15.324;14;9;more than 3 hours daily;man;25;programátor;2022-11-28 14:03:02.179
200;67;103;16;2;2022-11-28 14:09:59.589;67;14;res13_dell2400_sys5;2B;2022-11-28 14:09:15.324;14;9;more than 3 hours daily;man;25;programátor;2022-11-28 14:03:02.179
201;67;127;17;3;2022-11-28 14:10:18.509;67;14;res13_dell2400_sys5;2B;2022-11-28 14:09:15.324;14;9;more than 3 hours daily;man;25;programátor;2022-11-28 14:03:02.179
202;68;110;16;1;2022-11-28 14:13:54.309;68;14;res13_dell2400_sys10;1C;2022-11-28 14:13:30.338;14;9;more than 3 hours daily;man;25;programátor;2022-11-28 14:03:02.179
203;68;99;14;2;2022-11-28 14:14:13.99;68;14;res13_dell2400_sys10;1C;2022-11-28 14:13:30.338;14;9;more than 3 hours daily;man;25;programátor;2022-11-28 14:03:02.179
204;68;113;16;3;2022-11-28 14:14:35.295;68;14;res13_dell2400_sys10;1C;2022-11-28 14:13:30.338;14;9;more than 3 hours daily;man;25;programátor;2022-11-28 14:03:02.179
205;69;96;14;1;2022-11-28 14:17:57.295;69;14;res13_dell2400_sys18;2A;2022-11-28 14:17:30.059;14;9;more than 3 hours daily;man;25;programátor;2022-11-28 14:03:02.179
206;69;100;14;2;2022-11-28 14:18:20.468;69;14;res13_dell2400_sys18;2A;2022-11-28 14:17:30.059;14;9;more than 3 hours daily;man;25;programátor;2022-11-28 14:03:02.179
207;69;82;13;3;2022-11-28 14:18:41.965;69;14;res13_dell2400_sys18;2A;2022-11-28 14:17:30.059;14;9;more than 3 hours daily;man;25;programátor;2022-11-28 14:03:02.179
208;70;75;13;1;2022-11-28 14:22:52.133;70;14;res13_trust4800_sys10;1B;2022-11-28 14:22:27.797;14;9;more than 3 hours daily;man;25;programátor;2022-11-28 14:03:02.179
209;70;65;13;2;2022-11-28 14:23:28.893;70;14;res13_trust4800_sys10;1B;2022-11-28 14:22:27.797;14;9;more than 3 hours daily;man;25;programátor;2022-11-28 14:03:02.179
210;70;63;13;3;2022-11-28 14:23:48.677;70;14;res13_trust4800_sys10;1B;2022-11-28 14:22:27.797;14;9;more than 3 hours daily;man;25;programátor;2022-11-28 14:03:02.179
211;71;114;15;1;2022-11-28 14:35:30.54;71;15;res14_micr1000_sys10;1B;2022-11-28 14:34:34.835;15;10;more than 3 hours daily;man;25;IT architekt;2022-11-28 14:34:34.74
212;71;125;16;2;2022-11-28 14:36:06.356;71;15;res14_micr1000_sys10;1B;2022-11-28 14:34:34.835;15;10;more than 3 hours daily;man;25;IT architekt;2022-11-28 14:34:34.74
213;71;110;15;3;2022-11-28 14:36:48.014;71;15;res14_micr1000_sys10;1B;2022-11-28 14:34:34.835;15;10;more than 3 hours daily;man;25;IT architekt;2022-11-28 14:34:34.74
214;72;78;14;1;2022-11-28 14:41:56.526;72;15;res14_dell2400_sys5;2C;2022-11-28 14:41:20.85;15;10;more than 3 hours daily;man;25;IT architekt;2022-11-28 14:34:34.74
215;72;95;14;2;2022-11-28 14:42:52.701;72;15;res14_dell2400_sys5;2C;2022-11-28 14:41:20.85;15;10;more than 3 hours daily;man;25;IT architekt;2022-11-28 14:34:34.74
216;72;86;15;3;2022-11-28 14:43:12.629;72;15;res14_dell2400_sys5;2C;2022-11-28 14:41:20.85;15;10;more than 3 hours daily;man;25;IT architekt;2022-11-28 14:34:34.74
217;73;93;13;1;2022-11-28 14:48:38.167;73;15;res14_dell2400_sys10;1A;2022-11-28 14:48:12.275;15;10;more than 3 hours daily;man;25;IT architekt;2022-11-28 14:34:34.74
218;73;79;13;2;2022-11-28 14:49:43.269;73;15;res14_dell2400_sys10;1A;2022-11-28 14:48:12.275;15;10;more than 3 hours daily;man;25;IT architekt;2022-11-28 14:34:34.74
219;73;97;14;3;2022-11-28 14:50:04.284;73;15;res14_dell2400_sys10;1A;2022-11-28 14:48:12.275;15;10;more than 3 hours daily;man;25;IT architekt;2022-11-28 14:34:34.74
220;74;88;15;1;2022-11-28 14:53:44.393;74;15;res14_dell2400_sys18;2B;2022-11-28 14:53:12.759;15;10;more than 3 hours daily;man;25;IT architekt;2022-11-28 14:34:34.74
221;74;78;15;2;2022-11-28 14:54:04.089;74;15;res14_dell2400_sys18;2B;2022-11-28 14:53:12.759;15;10;more than 3 hours daily;man;25;IT architekt;2022-11-28 14:34:34.74
222;74;90;14;3;2022-11-28 14:54:25.888;74;15;res14_dell2400_sys18;2B;2022-11-28 14:53:12.759;15;10;more than 3 hours daily;man;25;IT architekt;2022-11-28 14:34:34.74
223;75;79;13;1;2022-11-28 14:59:48.636;75;15;res14_trust4800_sys10;1C;2022-11-28 14:59:04.619;15;10;more than 3 hours daily;man;25;IT architekt;2022-11-28 14:34:34.74
224;75;69;15;2;2022-11-28 15:00:07.552;75;15;res14_trust4800_sys10;1C;2022-11-28 14:59:04.619;15;10;more than 3 hours daily;man;25;IT architekt;2022-11-28 14:34:34.74
225;75;74;14;3;2022-11-28 15:00:26.864;75;15;res14_trust4800_sys10;1C;2022-11-28 14:59:04.619;15;10;more than 3 hours daily;man;25;IT architekt;2022-11-28 14:34:34.74
226;76;74;12;1;2022-11-30 07:27:49.753;76;16;res15_micr1000_sys10;1A;2022-11-30 07:27:08.994;16;10;more than 3 hours daily;woman;22;student, informatika;2022-11-30 07:27:08.859
227;76;84;15;2;2022-11-30 07:28:16.461;76;16;res15_micr1000_sys10;1A;2022-11-30 07:27:08.994;16;10;more than 3 hours daily;woman;22;student, informatika;2022-11-30 07:27:08.859
228;76;92;14;3;2022-11-30 07:28:35.943;76;16;res15_micr1000_sys10;1A;2022-11-30 07:27:08.994;16;10;more than 3 hours daily;woman;22;student, informatika;2022-11-30 07:27:08.859
229;77;91;14;1;2022-11-30 07:32:51.057;77;16;res15_dell2400_sys5;2B;2022-11-30 07:32:31.129;16;10;more than 3 hours daily;woman;22;student, informatika;2022-11-30 07:27:08.859
230;77;99;15;2;2022-11-30 07:33:08.267;77;16;res15_dell2400_sys5;2B;2022-11-30 07:32:31.129;16;10;more than 3 hours daily;woman;22;student, informatika;2022-11-30 07:27:08.859
231;77;98;16;3;2022-11-30 07:33:25.295;77;16;res15_dell2400_sys5;2B;2022-11-30 07:32:31.129;16;10;more than 3 hours daily;woman;22;student, informatika;2022-11-30 07:27:08.859
232;78;63;14;1;2022-11-30 07:36:56.357;78;16;res15_dell2400_sys10;1C;2022-11-30 07:36:35.253;16;10;more than 3 hours daily;woman;22;student, informatika;2022-11-30 07:27:08.859
233;78;74;16;2;2022-11-30 07:37:13.607;78;16;res15_dell2400_sys10;1C;2022-11-30 07:36:35.253;16;10;more than 3 hours daily;woman;22;student, informatika;2022-11-30 07:27:08.859
234;78;64;15;3;2022-11-30 07:37:31.227;78;16;res15_dell2400_sys10;1C;2022-11-30 07:36:35.253;16;10;more than 3 hours daily;woman;22;student, informatika;2022-11-30 07:27:08.859
235;79;45;14;1;2022-11-30 07:40:45.822;79;16;res15_dell2400_sys18;2A;2022-11-30 07:40:23.629;16;10;more than 3 hours daily;woman;22;student, informatika;2022-11-30 07:27:08.859
236;79;67;16;2;2022-11-30 07:41:03.01;79;16;res15_dell2400_sys18;2A;2022-11-30 07:40:23.629;16;10;more than 3 hours daily;woman;22;student, informatika;2022-11-30 07:27:08.859
237;79;85;15;3;2022-11-30 07:41:20.107;79;16;res15_dell2400_sys18;2A;2022-11-30 07:40:23.629;16;10;more than 3 hours daily;woman;22;student, informatika;2022-11-30 07:27:08.859
238;80;80;15;1;2022-11-30 07:44:57.168;80;16;res15_trust4800_sys10;1B;2022-11-30 07:44:31.914;16;10;more than 3 hours daily;woman;22;student, informatika;2022-11-30 07:27:08.859
239;80;76;16;2;2022-11-30 07:45:15.566;80;16;res15_trust4800_sys10;1B;2022-11-30 07:44:31.914;16;10;more than 3 hours daily;woman;22;student, informatika;2022-11-30 07:27:08.859
240;80;65;13;3;2022-11-30 07:45:33.661;80;16;res15_trust4800_sys10;1B;2022-11-30 07:44:31.914;16;10;more than 3 hours daily;woman;22;student, informatika;2022-11-30 07:27:08.859
241;81;51;9;1;2022-11-30 08:06:19.89;81;17;res16_trust4800_sys10;1C;2022-11-30 08:05:38.773;17;10;more than 3 hours daily;man;23;Innformatika;2022-11-30 08:05:38.679
242;81;62;11;2;2022-11-30 08:06:45.366;81;17;res16_trust4800_sys10;1C;2022-11-30 08:05:38.773;17;10;more than 3 hours daily;man;23;Innformatika;2022-11-30 08:05:38.679
243;81;86;14;3;2022-11-30 08:07:04.334;81;17;res16_trust4800_sys10;1C;2022-11-30 08:05:38.773;17;10;more than 3 hours daily;man;23;Innformatika;2022-11-30 08:05:38.679
244;82;84;14;1;2022-11-30 08:11:32.403;82;17;res16_dell2400_sys18;2A;2022-11-30 08:11:08.574;17;10;more than 3 hours daily;man;23;Innformatika;2022-11-30 08:05:38.679
245;82;84;16;2;2022-11-30 08:11:52.861;82;17;res16_dell2400_sys18;2A;2022-11-30 08:11:08.574;17;10;more than 3 hours daily;man;23;Innformatika;2022-11-30 08:05:38.679
246;82;87;14;3;2022-11-30 08:12:11.552;82;17;res16_dell2400_sys18;2A;2022-11-30 08:11:08.574;17;10;more than 3 hours daily;man;23;Innformatika;2022-11-30 08:05:38.679
247;83;90;16;1;2022-11-30 08:15:41.104;83;17;res16_dell2400_sys10;1B;2022-11-30 08:15:16.851;17;10;more than 3 hours daily;man;23;Innformatika;2022-11-30 08:05:38.679
248;83;110;16;2;2022-11-30 08:15:59.735;83;17;res16_dell2400_sys10;1B;2022-11-30 08:15:16.851;17;10;more than 3 hours daily;man;23;Innformatika;2022-11-30 08:05:38.679
249;83;107;15;3;2022-11-30 08:16:21.133;83;17;res16_dell2400_sys10;1B;2022-11-30 08:15:16.851;17;10;more than 3 hours daily;man;23;Innformatika;2022-11-30 08:05:38.679
250;84;93;17;1;2022-11-30 08:19:50.142;84;17;res16_dell2400_sys5;2C;2022-11-30 08:19:26.237;17;10;more than 3 hours daily;man;23;Innformatika;2022-11-30 08:05:38.679
251;84;119;17;2;2022-11-30 08:20:09.301;84;17;res16_dell2400_sys5;2C;2022-11-30 08:19:26.237;17;10;more than 3 hours daily;man;23;Innformatika;2022-11-30 08:05:38.679
252;84;140;17;3;2022-11-30 08:20:32.672;84;17;res16_dell2400_sys5;2C;2022-11-30 08:19:26.237;17;10;more than 3 hours daily;man;23;Innformatika;2022-11-30 08:05:38.679
253;85;119;17;1;2022-11-30 08:25:13.605;85;17;res16_micr1000_sys10;1A;2022-11-30 08:24:45.556;17;10;more than 3 hours daily;man;23;Innformatika;2022-11-30 08:05:38.679
254;85;120;19;2;2022-11-30 08:25:31.704;85;17;res16_micr1000_sys10;1A;2022-11-30 08:24:45.556;17;10;more than 3 hours daily;man;23;Innformatika;2022-11-30 08:05:38.679
255;85;98;19;3;2022-11-30 08:25:50.899;85;17;res16_micr1000_sys10;1A;2022-11-30 08:24:45.556;17;10;more than 3 hours daily;man;23;Innformatika;2022-11-30 08:05:38.679
256;86;99;13;1;2022-11-30 08:37:05.457;86;18;res17_micr1000_sys10;1B;2022-11-30 08:36:19.187;18;10;more than 3 hours daily;woman;23;študent (informatika);2022-11-30 08:36:19.094
257;86;121;15;2;2022-11-30 08:37:24.98;86;18;res17_micr1000_sys10;1B;2022-11-30 08:36:19.187;18;10;more than 3 hours daily;woman;23;študent (informatika);2022-11-30 08:36:19.094
258;86;123;15;3;2022-11-30 08:37:45.89;86;18;res17_micr1000_sys10;1B;2022-11-30 08:36:19.187;18;10;more than 3 hours daily;woman;23;študent (informatika);2022-11-30 08:36:19.094
259;87;97;13;1;2022-11-30 08:43:06.735;87;18;res17_dell2400_sys5;2C;2022-11-30 08:42:46.74;18;10;more than 3 hours daily;woman;23;študent (informatika);2022-11-30 08:36:19.094
260;87;96;14;2;2022-11-30 08:43:26.617;87;18;res17_dell2400_sys5;2C;2022-11-30 08:42:46.74;18;10;more than 3 hours daily;woman;23;študent (informatika);2022-11-30 08:36:19.094
261;87;110;14;3;2022-11-30 08:43:53.035;87;18;res17_dell2400_sys5;2C;2022-11-30 08:42:46.74;18;10;more than 3 hours daily;woman;23;študent (informatika);2022-11-30 08:36:19.094
262;88;95;14;1;2022-11-30 08:47:34.176;88;18;res17_dell2400_sys10;1A;2022-11-30 08:47:07.883;18;10;more than 3 hours daily;woman;23;študent (informatika);2022-11-30 08:36:19.094
263;88;94;14;2;2022-11-30 08:47:54.482;88;18;res17_dell2400_sys10;1A;2022-11-30 08:47:07.883;18;10;more than 3 hours daily;woman;23;študent (informatika);2022-11-30 08:36:19.094
264;88;115;15;3;2022-11-30 08:48:13.45;88;18;res17_dell2400_sys10;1A;2022-11-30 08:47:07.883;18;10;more than 3 hours daily;woman;23;študent (informatika);2022-11-30 08:36:19.094
265;89;83;14;1;2022-11-30 08:52:36.46;89;18;res17_dell2400_sys18;2B;2022-11-30 08:52:16.101;18;10;more than 3 hours daily;woman;23;študent (informatika);2022-11-30 08:36:19.094
266;89;109;16;2;2022-11-30 08:53:01.268;89;18;res17_dell2400_sys18;2B;2022-11-30 08:52:16.101;18;10;more than 3 hours daily;woman;23;študent (informatika);2022-11-30 08:36:19.094
267;89;88;15;3;2022-11-30 08:53:20.238;89;18;res17_dell2400_sys18;2B;2022-11-30 08:52:16.101;18;10;more than 3 hours daily;woman;23;študent (informatika);2022-11-30 08:36:19.094
268;90;76;14;1;2022-11-30 08:56:51.536;90;18;res17_trust4800_sys10;1C;2022-11-30 08:56:26.615;18;10;more than 3 hours daily;woman;23;študent (informatika);2022-11-30 08:36:19.094
269;90;59;13;2;2022-11-30 08:57:10.386;90;18;res17_trust4800_sys10;1C;2022-11-30 08:56:26.615;18;10;more than 3 hours daily;woman;23;študent (informatika);2022-11-30 08:36:19.094
270;90;82;13;3;2022-11-30 08:57:29.68;90;18;res17_trust4800_sys10;1C;2022-11-30 08:56:26.615;18;10;more than 3 hours daily;woman;23;študent (informatika);2022-11-30 08:36:19.094
271;91;39;10;1;2022-11-30 09:06:02.755;91;19;res18_trust4800_sys10;1C;2022-11-30 09:05:19.761;19;8;more than 3 hours daily;woman;23;Software developer;2022-11-30 09:05:19.665
272;91;62;12;2;2022-11-30 09:06:22.816;91;19;res18_trust4800_sys10;1C;2022-11-30 09:05:19.761;19;8;more than 3 hours daily;woman;23;Software developer;2022-11-30 09:05:19.665
273;91;65;14;3;2022-11-30 09:06:40.944;91;19;res18_trust4800_sys10;1C;2022-11-30 09:05:19.761;19;8;more than 3 hours daily;woman;23;Software developer;2022-11-30 09:05:19.665
274;92;71;12;1;2022-11-30 09:12:02.847;92;19;res18_dell2400_sys18;2A;2022-11-30 09:11:40.943;19;8;more than 3 hours daily;woman;23;Software developer;2022-11-30 09:05:19.665
275;92;75;14;2;2022-11-30 09:12:20.707;92;19;res18_dell2400_sys18;2A;2022-11-30 09:11:40.943;19;8;more than 3 hours daily;woman;23;Software developer;2022-11-30 09:05:19.665
276;92;91;14;3;2022-11-30 09:12:39.575;92;19;res18_dell2400_sys18;2A;2022-11-30 09:11:40.943;19;8;more than 3 hours daily;woman;23;Software developer;2022-11-30 09:05:19.665
277;93;99;15;1;2022-11-30 09:16:10.056;93;19;res18_dell2400_sys10;1B;2022-11-30 09:15:46.921;19;8;more than 3 hours daily;woman;23;Software developer;2022-11-30 09:05:19.665
278;93;107;14;2;2022-11-30 09:16:28.21;93;19;res18_dell2400_sys10;1B;2022-11-30 09:15:46.921;19;8;more than 3 hours daily;woman;23;Software developer;2022-11-30 09:05:19.665
279;93;114;16;3;2022-11-30 09:16:46.067;93;19;res18_dell2400_sys10;1B;2022-11-30 09:15:46.921;19;8;more than 3 hours daily;woman;23;Software developer;2022-11-30 09:05:19.665
280;94;97;15;1;2022-11-30 09:19:24.493;94;19;res18_dell2400_sys5;2C;2022-11-30 09:19:04.03;19;8;more than 3 hours daily;woman;23;Software developer;2022-11-30 09:05:19.665
281;94;123;16;2;2022-11-30 09:19:42.806;94;19;res18_dell2400_sys5;2C;2022-11-30 09:19:04.03;19;8;more than 3 hours daily;woman;23;Software developer;2022-11-30 09:05:19.665
282;94;123;17;3;2022-11-30 09:20:00.449;94;19;res18_dell2400_sys5;2C;2022-11-30 09:19:04.03;19;8;more than 3 hours daily;woman;23;Software developer;2022-11-30 09:05:19.665
283;95;114;16;1;2022-11-30 09:22:55.296;95;19;res18_micr1000_sys10;1A;2022-11-30 09:22:33.667;19;8;more than 3 hours daily;woman;23;Software developer;2022-11-30 09:05:19.665
284;95;138;17;2;2022-11-30 09:23:13.627;95;19;res18_micr1000_sys10;1A;2022-11-30 09:22:33.667;19;8;more than 3 hours daily;woman;23;Software developer;2022-11-30 09:05:19.665
285;95;124;17;3;2022-11-30 09:23:31.405;95;19;res18_micr1000_sys10;1A;2022-11-30 09:22:33.667;19;8;more than 3 hours daily;woman;23;Software developer;2022-11-30 09:05:19.665
286;96;45;9;1;2022-11-30 10:06:11.902;96;20;res19_trust4800_sys10;2A;2022-11-30 10:05:07.306;20;10;more than 3 hours daily;woman;24;študent informatiky;2022-11-30 10:05:07.071
287;96;66;11;2;2022-11-30 10:06:37.779;96;20;res19_trust4800_sys10;2A;2022-11-30 10:05:07.306;20;10;more than 3 hours daily;woman;24;študent informatiky;2022-11-30 10:05:07.071
288;96;98;15;3;2022-11-30 10:07:00.48;96;20;res19_trust4800_sys10;2A;2022-11-30 10:05:07.306;20;10;more than 3 hours daily;woman;24;študent informatiky;2022-11-30 10:05:07.071
289;97;83;15;1;2022-11-30 10:12:26.678;97;20;res19_dell2400_sys18;1B;2022-11-30 10:11:54.794;20;10;more than 3 hours daily;woman;24;študent informatiky;2022-11-30 10:05:07.071
290;97;102;16;2;2022-11-30 10:12:47.232;97;20;res19_dell2400_sys18;1B;2022-11-30 10:11:54.794;20;10;more than 3 hours daily;woman;24;študent informatiky;2022-11-30 10:05:07.071
291;97;118;15;3;2022-11-30 10:13:05.841;97;20;res19_dell2400_sys18;1B;2022-11-30 10:11:54.794;20;10;more than 3 hours daily;woman;24;študent informatiky;2022-11-30 10:05:07.071
292;98;102;14;1;2022-11-30 10:17:11.681;98;20;res19_dell2400_sys10;2C;2022-11-30 10:16:37.606;20;10;more than 3 hours daily;woman;24;študent informatiky;2022-11-30 10:05:07.071
293;98;104;14;2;2022-11-30 10:17:29.669;98;20;res19_dell2400_sys10;2C;2022-11-30 10:16:37.606;20;10;more than 3 hours daily;woman;24;študent informatiky;2022-11-30 10:05:07.071
294;98;108;14;3;2022-11-30 10:17:47.682;98;20;res19_dell2400_sys10;2C;2022-11-30 10:16:37.606;20;10;more than 3 hours daily;woman;24;študent informatiky;2022-11-30 10:05:07.071
295;99;77;12;1;2022-11-30 10:20:58.394;99;20;res19_dell2400_sys5;1A;2022-11-30 10:20:35.367;20;10;more than 3 hours daily;woman;24;študent informatiky;2022-11-30 10:05:07.071
296;99;95;13;2;2022-11-30 10:21:16.36;99;20;res19_dell2400_sys5;1A;2022-11-30 10:20:35.367;20;10;more than 3 hours daily;woman;24;študent informatiky;2022-11-30 10:05:07.071
297;99;117;15;3;2022-11-30 10:21:44.852;99;20;res19_dell2400_sys5;1A;2022-11-30 10:20:35.367;20;10;more than 3 hours daily;woman;24;študent informatiky;2022-11-30 10:05:07.071
298;100;110;17;1;2022-11-30 10:25:50.932;100;20;res19_micr1000_sys10;2B;2022-11-30 10:25:29.113;20;10;more than 3 hours daily;woman;24;študent informatiky;2022-11-30 10:05:07.071
299;100;108;15;2;2022-11-30 10:26:08.56;100;20;res19_micr1000_sys10;2B;2022-11-30 10:25:29.113;20;10;more than 3 hours daily;woman;24;študent informatiky;2022-11-30 10:05:07.071
300;100;145;17;3;2022-11-30 10:26:26.547;100;20;res19_micr1000_sys10;2B;2022-11-30 10:25:29.113;20;10;more than 3 hours daily;woman;24;študent informatiky;2022-11-30 10:05:07.071
301;101;48;10;1;2022-11-30 10:34:26.404;101;21;res20_trust4800_sys10;2A;2022-11-30 10:33:21.436;21;9;more than 3 hours daily;man;24;Študent Informatiky;2022-11-30 10:33:21.333
302;101;69;12;2;2022-11-30 10:34:50.671;101;21;res20_trust4800_sys10;2A;2022-11-30 10:33:21.436;21;9;more than 3 hours daily;man;24;Študent Informatiky;2022-11-30 10:33:21.333
303;101;64;15;3;2022-11-30 10:35:11.255;101;21;res20_trust4800_sys10;2A;2022-11-30 10:33:21.436;21;9;more than 3 hours daily;man;24;Študent Informatiky;2022-11-30 10:33:21.333
304;102;73;13;1;2022-11-30 10:40:40.713;102;21;res20_dell2400_sys18;1B;2022-11-30 10:39:26.548;21;9;more than 3 hours daily;man;24;Študent Informatiky;2022-11-30 10:33:21.333
305;102;74;14;2;2022-11-30 10:41:02.05;102;21;res20_dell2400_sys18;1B;2022-11-30 10:39:26.548;21;9;more than 3 hours daily;man;24;Študent Informatiky;2022-11-30 10:33:21.333
306;102;83;14;3;2022-11-30 10:41:23.864;102;21;res20_dell2400_sys18;1B;2022-11-30 10:39:26.548;21;9;more than 3 hours daily;man;24;Študent Informatiky;2022-11-30 10:33:21.333
307;103;68;14;1;2022-11-30 10:45:02.6;103;21;res20_dell2400_sys10;2C;2022-11-30 10:44:36.266;21;9;more than 3 hours daily;man;24;Študent Informatiky;2022-11-30 10:33:21.333
308;103;87;15;2;2022-11-30 10:45:23.956;103;21;res20_dell2400_sys10;2C;2022-11-30 10:44:36.266;21;9;more than 3 hours daily;man;24;Študent Informatiky;2022-11-30 10:33:21.333
309;103;65;15;3;2022-11-30 10:45:45.34;103;21;res20_dell2400_sys10;2C;2022-11-30 10:44:36.266;21;9;more than 3 hours daily;man;24;Študent Informatiky;2022-11-30 10:33:21.333
310;104;89;16;1;2022-11-30 10:49:01.752;104;21;res20_dell2400_sys5;1A;2022-11-30 10:48:28.52;21;9;more than 3 hours daily;man;24;Študent Informatiky;2022-11-30 10:33:21.333
311;104;122;16;2;2022-11-30 10:49:20.857;104;21;res20_dell2400_sys5;1A;2022-11-30 10:48:28.52;21;9;more than 3 hours daily;man;24;Študent Informatiky;2022-11-30 10:33:21.333
312;104;95;16;3;2022-11-30 10:49:42.528;104;21;res20_dell2400_sys5;1A;2022-11-30 10:48:28.52;21;9;more than 3 hours daily;man;24;Študent Informatiky;2022-11-30 10:33:21.333
313;105;114;17;1;2022-11-30 10:53:36.503;105;21;res20_micr1000_sys10;2B;2022-11-30 10:53:10.708;21;9;more than 3 hours daily;man;24;Študent Informatiky;2022-11-30 10:33:21.333
314;105;129;18;2;2022-11-30 10:53:58.606;105;21;res20_micr1000_sys10;2B;2022-11-30 10:53:10.708;21;9;more than 3 hours daily;man;24;Študent Informatiky;2022-11-30 10:33:21.333
315;105;111;19;3;2022-11-30 10:54:17.976;105;21;res20_micr1000_sys10;2B;2022-11-30 10:53:10.708;21;9;more than 3 hours daily;man;24;Študent Informatiky;2022-11-30 10:33:21.333
316;106;63;11;1;2022-12-04 13:46:53.314;106;22;res21_trust4800_sys10;2B;2022-12-04 13:46:07.135;22;7;more than 3 hours daily;man;31;stavebný inžinier;2022-12-04 13:46:06.991
317;106;88;15;2;2022-12-04 13:47:12.04;106;22;res21_trust4800_sys10;2B;2022-12-04 13:46:07.135;22;7;more than 3 hours daily;man;31;stavebný inžinier;2022-12-04 13:46:06.991
318;106;63;14;3;2022-12-04 13:47:34.64;106;22;res21_trust4800_sys10;2B;2022-12-04 13:46:07.135;22;7;more than 3 hours daily;man;31;stavebný inžinier;2022-12-04 13:46:06.991
319;107;60;14;1;2022-12-04 13:52:25.951;107;22;res21_dell2400_sys18;1C;2022-12-04 13:52:02.008;22;7;more than 3 hours daily;man;31;stavebný inžinier;2022-12-04 13:46:06.991
320;107;101;16;2;2022-12-04 13:52:47.028;107;22;res21_dell2400_sys18;1C;2022-12-04 13:52:02.008;22;7;more than 3 hours daily;man;31;stavebný inžinier;2022-12-04 13:46:06.991
321;107;88;15;3;2022-12-04 13:53:04.135;107;22;res21_dell2400_sys18;1C;2022-12-04 13:52:02.008;22;7;more than 3 hours daily;man;31;stavebný inžinier;2022-12-04 13:46:06.991
322;108;90;16;1;2022-12-04 13:55:54.84;108;22;res21_dell2400_sys10;2A;2022-12-04 13:55:26.562;22;7;more than 3 hours daily;man;31;stavebný inžinier;2022-12-04 13:46:06.991
323;108;113;16;2;2022-12-04 13:56:14.303;108;22;res21_dell2400_sys10;2A;2022-12-04 13:55:26.562;22;7;more than 3 hours daily;man;31;stavebný inžinier;2022-12-04 13:46:06.991
324;108;94;16;3;2022-12-04 13:56:33.872;108;22;res21_dell2400_sys10;2A;2022-12-04 13:55:26.562;22;7;more than 3 hours daily;man;31;stavebný inžinier;2022-12-04 13:46:06.991
325;109;122;16;1;2022-12-04 13:59:16.702;109;22;res21_dell2400_sys5;1B;2022-12-04 13:58:52.342;22;7;more than 3 hours daily;man;31;stavebný inžinier;2022-12-04 13:46:06.991
326;109;109;16;2;2022-12-04 13:59:37.979;109;22;res21_dell2400_sys5;1B;2022-12-04 13:58:52.342;22;7;more than 3 hours daily;man;31;stavebný inžinier;2022-12-04 13:46:06.991
327;109;118;16;3;2022-12-04 13:59:59.335;109;22;res21_dell2400_sys5;1B;2022-12-04 13:58:52.342;22;7;more than 3 hours daily;man;31;stavebný inžinier;2022-12-04 13:46:06.991
328;110;114;16;1;2022-12-04 14:03:13.542;110;22;res21_micr1000_sys10;2C;2022-12-04 14:02:49.817;22;7;more than 3 hours daily;man;31;stavebný inžinier;2022-12-04 13:46:06.991
329;110;121;16;2;2022-12-04 14:03:31.439;110;22;res21_micr1000_sys10;2C;2022-12-04 14:02:49.817;22;7;more than 3 hours daily;man;31;stavebný inžinier;2022-12-04 13:46:06.991
330;110;147;18;3;2022-12-04 14:03:49.472;110;22;res21_micr1000_sys10;2C;2022-12-04 14:02:49.817;22;7;more than 3 hours daily;man;31;stavebný inžinier;2022-12-04 13:46:06.991
331;111;27;7;1;2022-12-04 14:11:24.352;111;23;res22_trust4800_sys10;2B;2022-12-04 14:10:23.394;23;4;less than 1 hour weekly;woman;32;logopédka;2022-12-04 14:10:23.299
332;111;38;9;2;2022-12-04 14:11:48.878;111;23;res22_trust4800_sys10;2B;2022-12-04 14:10:23.394;23;4;less than 1 hour weekly;woman;32;logopédka;2022-12-04 14:10:23.299
333;111;50;11;3;2022-12-04 14:12:08.35;111;23;res22_trust4800_sys10;2B;2022-12-04 14:10:23.394;23;4;less than 1 hour weekly;woman;32;logopédka;2022-12-04 14:10:23.299
334;112;41;10;1;2022-12-04 14:17:55.28;112;23;res22_dell2400_sys18;1C;2022-12-04 14:17:31.954;23;4;less than 1 hour weekly;woman;32;logopédka;2022-12-04 14:10:23.299
335;112;72;12;2;2022-12-04 14:18:14.561;112;23;res22_dell2400_sys18;1C;2022-12-04 14:17:31.954;23;4;less than 1 hour weekly;woman;32;logopédka;2022-12-04 14:10:23.299
336;112;64;11;3;2022-12-04 14:18:33.063;112;23;res22_dell2400_sys18;1C;2022-12-04 14:17:31.954;23;4;less than 1 hour weekly;woman;32;logopédka;2022-12-04 14:10:23.299
337;113;57;10;1;2022-12-04 14:22:04.863;113;23;res22_dell2400_sys10;2A;2022-12-04 14:21:43.023;23;4;less than 1 hour weekly;woman;32;logopédka;2022-12-04 14:10:23.299
338;113;75;13;2;2022-12-04 14:22:22.952;113;23;res22_dell2400_sys10;2A;2022-12-04 14:21:43.023;23;4;less than 1 hour weekly;woman;32;logopédka;2022-12-04 14:10:23.299
339;113;71;14;3;2022-12-04 14:22:42.093;113;23;res22_dell2400_sys10;2A;2022-12-04 14:21:43.023;23;4;less than 1 hour weekly;woman;32;logopédka;2022-12-04 14:10:23.299
340;114;61;13;1;2022-12-04 14:25:50.399;114;23;res22_dell2400_sys5;1B;2022-12-04 14:25:25.291;23;4;less than 1 hour weekly;woman;32;logopédka;2022-12-04 14:10:23.299
341;114;84;13;2;2022-12-04 14:26:08.336;114;23;res22_dell2400_sys5;1B;2022-12-04 14:25:25.291;23;4;less than 1 hour weekly;woman;32;logopédka;2022-12-04 14:10:23.299
342;114;85;12;3;2022-12-04 14:26:27.515;114;23;res22_dell2400_sys5;1B;2022-12-04 14:25:25.291;23;4;less than 1 hour weekly;woman;32;logopédka;2022-12-04 14:10:23.299
343;115;77;12;1;2022-12-04 14:29:44.392;115;23;res22_micr1000_sys10;2C;2022-12-04 14:29:22.644;23;4;less than 1 hour weekly;woman;32;logopédka;2022-12-04 14:10:23.299
344;115;78;12;2;2022-12-04 14:30:03.773;115;23;res22_micr1000_sys10;2C;2022-12-04 14:29:22.644;23;4;less than 1 hour weekly;woman;32;logopédka;2022-12-04 14:10:23.299
345;115;91;13;3;2022-12-04 14:30:22.004;115;23;res22_micr1000_sys10;2C;2022-12-04 14:29:22.644;23;4;less than 1 hour weekly;woman;32;logopédka;2022-12-04 14:10:23.299
346;116;39;11;1;2022-12-04 16:14:09.432;116;24;res23_trust4800_sys10;2C;2022-12-04 16:13:26.97;24;5;more than 3 hours daily;woman;35;zdravotnícky laborant;2022-12-04 16:13:26.825
347;116;58;14;2;2022-12-04 16:14:29.919;116;24;res23_trust4800_sys10;2C;2022-12-04 16:13:26.97;24;5;more than 3 hours daily;woman;35;zdravotnícky laborant;2022-12-04 16:13:26.825
348;116;65;14;3;2022-12-04 16:14:48.521;116;24;res23_trust4800_sys10;2C;2022-12-04 16:13:26.97;24;5;more than 3 hours daily;woman;35;zdravotnícky laborant;2022-12-04 16:13:26.825
349;117;38;12;1;2022-12-04 16:19:50.151;117;24;res23_dell2400_sys18;1A;2022-12-04 16:19:27.715;24;5;more than 3 hours daily;woman;35;zdravotnícky laborant;2022-12-04 16:13:26.825
350;117;74;13;2;2022-12-04 16:20:08.824;117;24;res23_dell2400_sys18;1A;2022-12-04 16:19:27.715;24;5;more than 3 hours daily;woman;35;zdravotnícky laborant;2022-12-04 16:13:26.825
351;117;43;11;3;2022-12-04 16:20:27.08;117;24;res23_dell2400_sys18;1A;2022-12-04 16:19:27.715;24;5;more than 3 hours daily;woman;35;zdravotnícky laborant;2022-12-04 16:13:26.825
352;118;50;13;1;2022-12-04 16:24:13.743;118;24;res23_dell2400_sys10;2B;2022-12-04 16:23:52.542;24;5;more than 3 hours daily;woman;35;zdravotnícky laborant;2022-12-04 16:13:26.825
353;118;72;13;2;2022-12-04 16:24:31.857;118;24;res23_dell2400_sys10;2B;2022-12-04 16:23:52.542;24;5;more than 3 hours daily;woman;35;zdravotnícky laborant;2022-12-04 16:13:26.825
354;118;67;11;3;2022-12-04 16:24:51.069;118;24;res23_dell2400_sys10;2B;2022-12-04 16:23:52.542;24;5;more than 3 hours daily;woman;35;zdravotnícky laborant;2022-12-04 16:13:26.825
355;119;83;12;1;2022-12-04 16:28:51.423;119;24;res23_dell2400_sys5;1C;2022-12-04 16:28:30.365;24;5;more than 3 hours daily;woman;35;zdravotnícky laborant;2022-12-04 16:13:26.825
356;119;83;15;2;2022-12-04 16:29:09.511;119;24;res23_dell2400_sys5;1C;2022-12-04 16:28:30.365;24;5;more than 3 hours daily;woman;35;zdravotnícky laborant;2022-12-04 16:13:26.825
357;119;97;17;3;2022-12-04 16:29:27.207;119;24;res23_dell2400_sys5;1C;2022-12-04 16:28:30.365;24;5;more than 3 hours daily;woman;35;zdravotnícky laborant;2022-12-04 16:13:26.825
358;120;76;12;1;2022-12-04 16:32:16.247;120;24;res23_micr1000_sys10;2A;2022-12-04 16:31:55.285;24;5;more than 3 hours daily;woman;35;zdravotnícky laborant;2022-12-04 16:13:26.825
359;120;112;15;2;2022-12-04 16:32:34.061;120;24;res23_micr1000_sys10;2A;2022-12-04 16:31:55.285;24;5;more than 3 hours daily;woman;35;zdravotnícky laborant;2022-12-04 16:13:26.825
360;120;102;14;3;2022-12-04 16:32:52.598;120;24;res23_micr1000_sys10;2A;2022-12-04 16:31:55.285;24;5;more than 3 hours daily;woman;35;zdravotnícky laborant;2022-12-04 16:13:26.825
361;121;62;10;1;2022-12-04 16:39:11.193;121;25;res24_trust4800_sys10;2C;2022-12-04 16:38:01.63;25;9;more than 3 hours daily;man;35;konateľ - práca s vybavovaním dokladov pre vozidlá;2022-12-04 16:38:01.535
362;121;90;13;2;2022-12-04 16:39:31.897;121;25;res24_trust4800_sys10;2C;2022-12-04 16:38:01.63;25;9;more than 3 hours daily;man;35;konateľ - práca s vybavovaním dokladov pre vozidlá;2022-12-04 16:38:01.535
363;121;116;17;3;2022-12-04 16:39:54.631;121;25;res24_trust4800_sys10;2C;2022-12-04 16:38:01.63;25;9;more than 3 hours daily;man;35;konateľ - práca s vybavovaním dokladov pre vozidlá;2022-12-04 16:38:01.535
364;122;81;13;1;2022-12-04 16:44:53.216;122;25;res24_dell2400_sys18;1A;2022-12-04 16:44:29.301;25;9;more than 3 hours daily;man;35;konateľ - práca s vybavovaním dokladov pre vozidlá;2022-12-04 16:38:01.535
365;122;91;16;2;2022-12-04 16:45:11.694;122;25;res24_dell2400_sys18;1A;2022-12-04 16:44:29.301;25;9;more than 3 hours daily;man;35;konateľ - práca s vybavovaním dokladov pre vozidlá;2022-12-04 16:38:01.535
366;122;70;14;3;2022-12-04 16:45:32.394;122;25;res24_dell2400_sys18;1A;2022-12-04 16:44:29.301;25;9;more than 3 hours daily;man;35;konateľ - práca s vybavovaním dokladov pre vozidlá;2022-12-04 16:38:01.535
367;123;53;13;1;2022-12-04 16:49:07.616;123;25;res24_dell2400_sys10;2B;2022-12-04 16:48:43.497;25;9;more than 3 hours daily;man;35;konateľ - práca s vybavovaním dokladov pre vozidlá;2022-12-04 16:38:01.535
368;123;85;12;2;2022-12-04 16:49:25.68;123;25;res24_dell2400_sys10;2B;2022-12-04 16:48:43.497;25;9;more than 3 hours daily;man;35;konateľ - práca s vybavovaním dokladov pre vozidlá;2022-12-04 16:38:01.535
369;123;99;14;3;2022-12-04 16:49:43.528;123;25;res24_dell2400_sys10;2B;2022-12-04 16:48:43.497;25;9;more than 3 hours daily;man;35;konateľ - práca s vybavovaním dokladov pre vozidlá;2022-12-04 16:38:01.535
370;124;71;12;1;2022-12-04 16:53:08.168;124;25;res24_dell2400_sys5;1C;2022-12-04 16:52:40.699;25;9;more than 3 hours daily;man;35;konateľ - práca s vybavovaním dokladov pre vozidlá;2022-12-04 16:38:01.535
371;124;79;14;2;2022-12-04 16:53:26.464;124;25;res24_dell2400_sys5;1C;2022-12-04 16:52:40.699;25;9;more than 3 hours daily;man;35;konateľ - práca s vybavovaním dokladov pre vozidlá;2022-12-04 16:38:01.535
372;124;93;14;3;2022-12-04 16:53:44.527;124;25;res24_dell2400_sys5;1C;2022-12-04 16:52:40.699;25;9;more than 3 hours daily;man;35;konateľ - práca s vybavovaním dokladov pre vozidlá;2022-12-04 16:38:01.535
373;125;77;12;1;2022-12-04 16:56:50.334;125;25;res24_micr1000_sys10;2A;2022-12-04 16:56:24.602;25;9;more than 3 hours daily;man;35;konateľ - práca s vybavovaním dokladov pre vozidlá;2022-12-04 16:38:01.535
374;125;90;13;2;2022-12-04 16:57:08.351;125;25;res24_micr1000_sys10;2A;2022-12-04 16:56:24.602;25;9;more than 3 hours daily;man;35;konateľ - práca s vybavovaním dokladov pre vozidlá;2022-12-04 16:38:01.535
375;125;118;15;3;2022-12-04 16:57:25.959;125;25;res24_micr1000_sys10;2A;2022-12-04 16:56:24.602;25;9;more than 3 hours daily;man;35;konateľ - práca s vybavovaním dokladov pre vozidlá;2022-12-04 16:38:01.535
376;126;51;10;1;2022-12-04 18:30:12.456;126;26;res25_trust4800_sys10;1A;2022-12-04 18:29:17.642;26;10;2 - 3 hours daily;man;33;stavenbný manažér;2022-12-04 18:29:17.493
377;126;68;11;2;2022-12-04 18:30:31.8;126;26;res25_trust4800_sys10;1A;2022-12-04 18:29:17.642;26;10;2 - 3 hours daily;man;33;stavenbný manažér;2022-12-04 18:29:17.493
378;126;75;12;3;2022-12-04 18:30:50.864;126;26;res25_trust4800_sys10;1A;2022-12-04 18:29:17.642;26;10;2 - 3 hours daily;man;33;stavenbný manažér;2022-12-04 18:29:17.493
379;127;96;13;1;2022-12-04 18:35:24.493;127;26;res25_dell2400_sys18;2C;2022-12-04 18:35:03.929;26;10;2 - 3 hours daily;man;33;stavenbný manažér;2022-12-04 18:29:17.493
380;127;96;13;2;2022-12-04 18:35:42.736;127;26;res25_dell2400_sys18;2C;2022-12-04 18:35:03.929;26;10;2 - 3 hours daily;man;33;stavenbný manažér;2022-12-04 18:29:17.493
381;127;89;13;3;2022-12-04 18:36:01.248;127;26;res25_dell2400_sys18;2C;2022-12-04 18:35:03.929;26;10;2 - 3 hours daily;man;33;stavenbný manažér;2022-12-04 18:29:17.493
382;128;97;13;1;2022-12-04 18:38:59.334;128;26;res25_dell2400_sys10;1C;2022-12-04 18:38:39.322;26;10;2 - 3 hours daily;man;33;stavenbný manažér;2022-12-04 18:29:17.493
383;128;97;13;2;2022-12-04 18:39:17.214;128;26;res25_dell2400_sys10;1C;2022-12-04 18:38:39.322;26;10;2 - 3 hours daily;man;33;stavenbný manažér;2022-12-04 18:29:17.493
384;128;94;13;3;2022-12-04 18:39:34.897;128;26;res25_dell2400_sys10;1C;2022-12-04 18:38:39.322;26;10;2 - 3 hours daily;man;33;stavenbný manažér;2022-12-04 18:29:17.493
385;129;96;13;1;2022-12-04 18:42:17.504;129;26;res25_dell2400_sys5;2B;2022-12-04 18:41:53.324;26;10;2 - 3 hours daily;man;33;stavenbný manažér;2022-12-04 18:29:17.493
386;129;106;14;2;2022-12-04 18:42:37.089;129;26;res25_dell2400_sys5;2B;2022-12-04 18:41:53.324;26;10;2 - 3 hours daily;man;33;stavenbný manažér;2022-12-04 18:29:17.493
387;129;109;14;3;2022-12-04 18:42:54.888;129;26;res25_dell2400_sys5;2B;2022-12-04 18:41:53.324;26;10;2 - 3 hours daily;man;33;stavenbný manažér;2022-12-04 18:29:17.493
388;130;106;15;1;2022-12-04 18:45:42.696;130;26;res25_micr1000_sys10;1B;2022-12-04 18:45:15.267;26;10;2 - 3 hours daily;man;33;stavenbný manažér;2022-12-04 18:29:17.493
389;130;133;16;2;2022-12-04 18:46:01.96;130;26;res25_micr1000_sys10;1B;2022-12-04 18:45:15.267;26;10;2 - 3 hours daily;man;33;stavenbný manažér;2022-12-04 18:29:17.493
390;130;121;16;3;2022-12-04 18:46:30.764;130;26;res25_micr1000_sys10;1B;2022-12-04 18:45:15.267;26;10;2 - 3 hours daily;man;33;stavenbný manažér;2022-12-04 18:29:17.493
391;131;39;10;1;2022-12-04 18:53:23.131;131;27;res26_trust4800_sys10;2A;2022-12-04 18:52:38.376;27;6;2 - 3 hours weekly;woman;33;farmaceut;2022-12-04 18:52:38.279
392;131;53;10;2;2022-12-04 18:53:47.471;131;27;res26_trust4800_sys10;2A;2022-12-04 18:52:38.376;27;6;2 - 3 hours weekly;woman;33;farmaceut;2022-12-04 18:52:38.279
393;131;52;10;3;2022-12-04 18:54:06.769;131;27;res26_trust4800_sys10;2A;2022-12-04 18:52:38.376;27;6;2 - 3 hours weekly;woman;33;farmaceut;2022-12-04 18:52:38.279
394;132;53;11;1;2022-12-04 18:58:34.281;132;27;res26_dell2400_sys18;1C;2022-12-04 18:58:02.378;27;6;2 - 3 hours weekly;woman;33;farmaceut;2022-12-04 18:52:38.279
395;132;57;10;2;2022-12-04 18:58:53.416;132;27;res26_dell2400_sys18;1C;2022-12-04 18:58:02.378;27;6;2 - 3 hours weekly;woman;33;farmaceut;2022-12-04 18:52:38.279
396;132;58;10;3;2022-12-04 18:59:11.784;132;27;res26_dell2400_sys18;1C;2022-12-04 18:58:02.378;27;6;2 - 3 hours weekly;woman;33;farmaceut;2022-12-04 18:52:38.279
397;133;79;14;1;2022-12-04 19:03:11.416;133;27;res26_dell2400_sys10;2C;2022-12-04 19:02:48.389;27;6;2 - 3 hours weekly;woman;33;farmaceut;2022-12-04 18:52:38.279
398;133;66;13;2;2022-12-04 19:03:43.71;133;27;res26_dell2400_sys10;2C;2022-12-04 19:02:48.389;27;6;2 - 3 hours weekly;woman;33;farmaceut;2022-12-04 18:52:38.279
399;133;72;13;3;2022-12-04 19:04:02.512;133;27;res26_dell2400_sys10;2C;2022-12-04 19:02:48.389;27;6;2 - 3 hours weekly;woman;33;farmaceut;2022-12-04 18:52:38.279
400;134;51;13;1;2022-12-04 19:06:57.786;134;27;res26_dell2400_sys5;1B;2022-12-04 19:06:33.576;27;6;2 - 3 hours weekly;woman;33;farmaceut;2022-12-04 18:52:38.279
401;134;83;13;2;2022-12-04 19:07:15.392;134;27;res26_dell2400_sys5;1B;2022-12-04 19:06:33.576;27;6;2 - 3 hours weekly;woman;33;farmaceut;2022-12-04 18:52:38.279
402;134;74;13;3;2022-12-04 19:07:37.746;134;27;res26_dell2400_sys5;1B;2022-12-04 19:06:33.576;27;6;2 - 3 hours weekly;woman;33;farmaceut;2022-12-04 18:52:38.279
403;135;95;13;1;2022-12-04 19:10:42.698;135;27;res26_micr1000_sys10;2B;2022-12-04 19:10:17.209;27;6;2 - 3 hours weekly;woman;33;farmaceut;2022-12-04 18:52:38.279
404;135;117;17;2;2022-12-04 19:11:08.76;135;27;res26_micr1000_sys10;2B;2022-12-04 19:10:17.209;27;6;2 - 3 hours weekly;woman;33;farmaceut;2022-12-04 18:52:38.279
405;135;112;16;3;2022-12-04 19:11:31.287;135;27;res26_micr1000_sys10;2B;2022-12-04 19:10:17.209;27;6;2 - 3 hours weekly;woman;33;farmaceut;2022-12-04 18:52:38.279
406;136;68;12;1;2022-12-05 19:07:46.053;136;28;res27_trust4800_sys10;2B;2022-12-05 19:07:16.337;28;9;1 hour daily;woman;22;študent, učiteľstvo;2022-12-05 19:07:16.194
407;136;75;13;2;2022-12-05 19:08:07.395;136;28;res27_trust4800_sys10;2B;2022-12-05 19:07:16.337;28;9;1 hour daily;woman;22;študent, učiteľstvo;2022-12-05 19:07:16.194
408;136;73;15;3;2022-12-05 19:08:25.666;136;28;res27_trust4800_sys10;2B;2022-12-05 19:07:16.337;28;9;1 hour daily;woman;22;študent, učiteľstvo;2022-12-05 19:07:16.194
409;137;27;13;1;2022-12-05 19:12:46.333;137;28;res27_dell2400_sys18;1A;2022-12-05 19:12:16.111;28;9;1 hour daily;woman;22;študent, učiteľstvo;2022-12-05 19:07:16.194
410;137;67;13;2;2022-12-05 19:13:06.62;137;28;res27_dell2400_sys18;1A;2022-12-05 19:12:16.111;28;9;1 hour daily;woman;22;študent, učiteľstvo;2022-12-05 19:07:16.194
411;137;57;13;3;2022-12-05 19:13:33.273;137;28;res27_dell2400_sys18;1A;2022-12-05 19:12:16.111;28;9;1 hour daily;woman;22;študent, učiteľstvo;2022-12-05 19:07:16.194
412;138;47;12;1;2022-12-05 19:17:08.669;138;28;res27_dell2400_sys10;2A;2022-12-05 19:16:41.554;28;9;1 hour daily;woman;22;študent, učiteľstvo;2022-12-05 19:07:16.194
413;138;60;13;2;2022-12-05 19:17:36.769;138;28;res27_dell2400_sys10;2A;2022-12-05 19:16:41.554;28;9;1 hour daily;woman;22;študent, učiteľstvo;2022-12-05 19:07:16.194
414;138;86;12;3;2022-12-05 19:17:54.787;138;28;res27_dell2400_sys10;2A;2022-12-05 19:16:41.554;28;9;1 hour daily;woman;22;študent, učiteľstvo;2022-12-05 19:07:16.194
415;139;74;12;1;2022-12-05 19:21:01.133;139;28;res27_dell2400_sys5;1C;2022-12-05 19:20:36.234;28;9;1 hour daily;woman;22;študent, učiteľstvo;2022-12-05 19:07:16.194
416;139;87;13;2;2022-12-05 19:21:19.749;139;28;res27_dell2400_sys5;1C;2022-12-05 19:20:36.234;28;9;1 hour daily;woman;22;študent, učiteľstvo;2022-12-05 19:07:16.194
417;139;97;15;3;2022-12-05 19:21:37.344;139;28;res27_dell2400_sys5;1C;2022-12-05 19:20:36.234;28;9;1 hour daily;woman;22;študent, učiteľstvo;2022-12-05 19:07:16.194
418;140;83;13;1;2022-12-05 19:24:38.308;140;28;res27_micr1000_sys10;2C;2022-12-05 19:24:14.298;28;9;1 hour daily;woman;22;študent, učiteľstvo;2022-12-05 19:07:16.194
419;140;107;16;2;2022-12-05 19:25:20.036;140;28;res27_micr1000_sys10;2C;2022-12-05 19:24:14.298;28;9;1 hour daily;woman;22;študent, učiteľstvo;2022-12-05 19:07:16.194
420;140;118;17;3;2022-12-05 19:25:38.06;140;28;res27_micr1000_sys10;2C;2022-12-05 19:24:14.298;28;9;1 hour daily;woman;22;študent, učiteľstvo;2022-12-05 19:07:16.194
421;141;79;16;1;2022-12-10 09:03:41.027;141;29;res28_trust4800_sys10;1B;2022-12-10 09:02:38.029;29;9;more than 3 hours daily;man;23;Projektant;2022-12-10 09:02:37.789
422;141;68;15;2;2022-12-10 09:04:16.328;141;29;res28_trust4800_sys10;1B;2022-12-10 09:02:38.029;29;9;more than 3 hours daily;man;23;Projektant;2022-12-10 09:02:37.789
423;141;90;16;3;2022-12-10 09:04:42.329;141;29;res28_trust4800_sys10;1B;2022-12-10 09:02:38.029;29;9;more than 3 hours daily;man;23;Projektant;2022-12-10 09:02:37.789
424;142;103;15;1;2022-12-10 09:10:11.097;142;29;res28_dell2400_sys18;2A;2022-12-10 09:09:40.872;29;9;more than 3 hours daily;man;23;Projektant;2022-12-10 09:02:37.789
425;142;85;14;2;2022-12-10 09:10:31.239;142;29;res28_dell2400_sys18;2A;2022-12-10 09:09:40.872;29;9;more than 3 hours daily;man;23;Projektant;2022-12-10 09:02:37.789
426;142;103;17;3;2022-12-10 09:10:52.175;142;29;res28_dell2400_sys18;2A;2022-12-10 09:09:40.872;29;9;more than 3 hours daily;man;23;Projektant;2022-12-10 09:02:37.789
427;143;116;15;1;2022-12-10 09:14:50.872;143;29;res28_dell2400_sys10;1A;2022-12-10 09:14:08.65;29;9;more than 3 hours daily;man;23;Projektant;2022-12-10 09:02:37.789
428;143;109;15;2;2022-12-10 09:15:09.041;143;29;res28_dell2400_sys10;1A;2022-12-10 09:14:08.65;29;9;more than 3 hours daily;man;23;Projektant;2022-12-10 09:02:37.789
429;143;120;16;3;2022-12-10 09:15:31.971;143;29;res28_dell2400_sys10;1A;2022-12-10 09:14:08.65;29;9;more than 3 hours daily;man;23;Projektant;2022-12-10 09:02:37.789
430;144;103;16;1;2022-12-10 09:18:34.318;144;29;res28_dell2400_sys5;2C;2022-12-10 09:18:10.313;29;9;more than 3 hours daily;man;23;Projektant;2022-12-10 09:02:37.789
431;144;119;18;2;2022-12-10 09:18:52.731;144;29;res28_dell2400_sys5;2C;2022-12-10 09:18:10.313;29;9;more than 3 hours daily;man;23;Projektant;2022-12-10 09:02:37.789
432;144;145;18;3;2022-12-10 09:19:10.812;144;29;res28_dell2400_sys5;2C;2022-12-10 09:18:10.313;29;9;more than 3 hours daily;man;23;Projektant;2022-12-10 09:02:37.789
433;145;107;15;1;2022-12-10 09:22:54.16;145;29;res28_micr1000_sys10;1C;2022-12-10 09:22:27.543;29;9;more than 3 hours daily;man;23;Projektant;2022-12-10 09:02:37.789
434;145;119;16;2;2022-12-10 09:23:11.964;145;29;res28_micr1000_sys10;1C;2022-12-10 09:22:27.543;29;9;more than 3 hours daily;man;23;Projektant;2022-12-10 09:02:37.789
435;145;141;18;3;2022-12-10 09:23:30.656;145;29;res28_micr1000_sys10;1C;2022-12-10 09:22:27.543;29;9;more than 3 hours daily;man;23;Projektant;2022-12-10 09:02:37.789
436;146;48;9;1;2022-12-11 08:42:48.943;146;30;res29_trust4800_sys10;1C;2022-12-11 08:42:01.639;30;6;more than 3 hours daily;man;34;manažér v Mondi SCP;2022-12-11 08:42:01.432
437;146;69;11;2;2022-12-11 08:43:09.822;146;30;res29_trust4800_sys10;1C;2022-12-11 08:42:01.639;30;6;more than 3 hours daily;man;34;manažér v Mondi SCP;2022-12-11 08:42:01.432
438;146;63;11;3;2022-12-11 08:43:28.634;146;30;res29_trust4800_sys10;1C;2022-12-11 08:42:01.639;30;6;more than 3 hours daily;man;34;manažér v Mondi SCP;2022-12-11 08:42:01.432
439;147;63;11;1;2022-12-11 08:47:51.161;147;30;res29_dell2400_sys18;2B;2022-12-11 08:47:27.056;30;6;more than 3 hours daily;man;34;manažér v Mondi SCP;2022-12-11 08:42:01.432
440;147;64;12;2;2022-12-11 08:48:09.645;147;30;res29_dell2400_sys18;2B;2022-12-11 08:47:27.056;30;6;more than 3 hours daily;man;34;manažér v Mondi SCP;2022-12-11 08:42:01.432
441;147;65;13;3;2022-12-11 08:48:27.597;147;30;res29_dell2400_sys18;2B;2022-12-11 08:47:27.056;30;6;more than 3 hours daily;man;34;manažér v Mondi SCP;2022-12-11 08:42:01.432
442;148;77;14;1;2022-12-11 08:52:07.747;148;30;res29_dell2400_sys10;1B;2022-12-11 08:51:46.498;30;6;more than 3 hours daily;man;34;manažér v Mondi SCP;2022-12-11 08:42:01.432
443;148;95;15;2;2022-12-11 08:52:25.444;148;30;res29_dell2400_sys10;1B;2022-12-11 08:51:46.498;30;6;more than 3 hours daily;man;34;manažér v Mondi SCP;2022-12-11 08:42:01.432
444;148;87;16;3;2022-12-11 08:52:43.14;148;30;res29_dell2400_sys10;1B;2022-12-11 08:51:46.498;30;6;more than 3 hours daily;man;34;manažér v Mondi SCP;2022-12-11 08:42:01.432
445;149;86;15;1;2022-12-11 08:55:39.221;149;30;res29_dell2400_sys5;2A;2022-12-11 08:55:17.576;30;6;more than 3 hours daily;man;34;manažér v Mondi SCP;2022-12-11 08:42:01.432
446;149;107;15;2;2022-12-11 08:55:56.981;149;30;res29_dell2400_sys5;2A;2022-12-11 08:55:17.576;30;6;more than 3 hours daily;man;34;manažér v Mondi SCP;2022-12-11 08:42:01.432
447;149;96;15;3;2022-12-11 08:56:14.413;149;30;res29_dell2400_sys5;2A;2022-12-11 08:55:17.576;30;6;more than 3 hours daily;man;34;manažér v Mondi SCP;2022-12-11 08:42:01.432
448;150;83;15;1;2022-12-11 08:59:11.97;150;30;res29_micr1000_sys10;1A;2022-12-11 08:58:48.124;30;6;more than 3 hours daily;man;34;manažér v Mondi SCP;2022-12-11 08:42:01.432
449;150;94;16;2;2022-12-11 08:59:29.665;150;30;res29_micr1000_sys10;1A;2022-12-11 08:58:48.124;30;6;more than 3 hours daily;man;34;manažér v Mondi SCP;2022-12-11 08:42:01.432
450;150;111;15;3;2022-12-11 08:59:47.362;150;30;res29_micr1000_sys10;1A;2022-12-11 08:58:48.124;30;6;more than 3 hours daily;man;34;manažér v Mondi SCP;2022-12-11 08:42:01.432
451;151;57;13;1;2022-12-11 09:05:37.581;151;31;res30_trust4800_sys10;2C;2022-12-11 09:04:34.045;31;8;more than 3 hours daily;woman;30;systémový inžinier;2022-12-11 09:04:33.947
452;151;79;15;2;2022-12-11 09:06:05.589;151;31;res30_trust4800_sys10;2C;2022-12-11 09:04:34.045;31;8;more than 3 hours daily;woman;30;systémový inžinier;2022-12-11 09:04:33.947
453;151;76;13;3;2022-12-11 09:06:24.916;151;31;res30_trust4800_sys10;2C;2022-12-11 09:04:34.045;31;8;more than 3 hours daily;woman;30;systémový inžinier;2022-12-11 09:04:33.947
454;152;57;10;1;2022-12-11 09:11:57.186;152;31;res30_dell2400_sys18;1B;2022-12-11 09:11:24.547;31;8;more than 3 hours daily;woman;30;systémový inžinier;2022-12-11 09:04:33.947
455;152;82;13;2;2022-12-11 09:12:16.16;152;31;res30_dell2400_sys18;1B;2022-12-11 09:11:24.547;31;8;more than 3 hours daily;woman;30;systémový inžinier;2022-12-11 09:04:33.947
456;152;102;14;3;2022-12-11 09:12:36.497;152;31;res30_dell2400_sys18;1B;2022-12-11 09:11:24.547;31;8;more than 3 hours daily;woman;30;systémový inžinier;2022-12-11 09:04:33.947
457;153;84;13;1;2022-12-11 09:16:01.279;153;31;res30_dell2400_sys10;2B;2022-12-11 09:15:34.343;31;8;more than 3 hours daily;woman;30;systémový inžinier;2022-12-11 09:04:33.947
458;153;66;12;2;2022-12-11 09:16:20.038;153;31;res30_dell2400_sys10;2B;2022-12-11 09:15:34.343;31;8;more than 3 hours daily;woman;30;systémový inžinier;2022-12-11 09:04:33.947
459;153;88;15;3;2022-12-11 09:16:38.87;153;31;res30_dell2400_sys10;2B;2022-12-11 09:15:34.343;31;8;more than 3 hours daily;woman;30;systémový inžinier;2022-12-11 09:04:33.947
460;154;117;17;1;2022-12-11 09:20:18.184;154;31;res30_dell2400_sys5;1A;2022-12-11 09:19:48.476;31;8;more than 3 hours daily;woman;30;systémový inžinier;2022-12-11 09:04:33.947
461;154;111;17;2;2022-12-11 09:20:39.955;154;31;res30_dell2400_sys5;1A;2022-12-11 09:19:48.476;31;8;more than 3 hours daily;woman;30;systémový inžinier;2022-12-11 09:04:33.947
462;154;115;16;3;2022-12-11 09:20:57.951;154;31;res30_dell2400_sys5;1A;2022-12-11 09:19:48.476;31;8;more than 3 hours daily;woman;30;systémový inžinier;2022-12-11 09:04:33.947
463;155;122;18;1;2022-12-11 09:23:58.08;155;31;res30_micr1000_sys10;2A;2022-12-11 09:23:36.335;31;8;more than 3 hours daily;woman;30;systémový inžinier;2022-12-11 09:04:33.947
464;155;142;19;2;2022-12-11 09:24:22.592;155;31;res30_micr1000_sys10;2A;2022-12-11 09:23:36.335;31;8;more than 3 hours daily;woman;30;systémový inžinier;2022-12-11 09:04:33.947
465;155;126;19;3;2022-12-11 09:24:53.491;155;31;res30_micr1000_sys10;2A;2022-12-11 09:23:36.335;31;8;more than 3 hours daily;woman;30;systémový inžinier;2022-12-11 09:04:33.947
466;156;21;7;1;2022-12-11 09:32:24.797;156;32;res31_trust4800_sys10;2A;2022-12-11 09:31:32.621;32;10;more than 3 hours daily;man;24;Marketingový manažér;2022-12-11 09:31:32.526
467;156;35;8;2;2022-12-11 09:32:49.924;156;32;res31_trust4800_sys10;2A;2022-12-11 09:31:32.621;32;10;more than 3 hours daily;man;24;Marketingový manažér;2022-12-11 09:31:32.526
468;156;37;9;3;2022-12-11 09:33:10.476;156;32;res31_trust4800_sys10;2A;2022-12-11 09:31:32.621;32;10;more than 3 hours daily;man;24;Marketingový manažér;2022-12-11 09:31:32.526
469;157;46;9;1;2022-12-11 09:39:24.575;157;32;res31_dell2400_sys18;1C;2022-12-11 09:38:59.73;32;10;more than 3 hours daily;man;24;Marketingový manažér;2022-12-11 09:31:32.526
470;157;47;10;2;2022-12-11 09:39:44.005;157;32;res31_dell2400_sys18;1C;2022-12-11 09:38:59.73;32;10;more than 3 hours daily;man;24;Marketingový manažér;2022-12-11 09:31:32.526
471;157;63;11;3;2022-12-11 09:40:03.022;157;32;res31_dell2400_sys18;1C;2022-12-11 09:38:59.73;32;10;more than 3 hours daily;man;24;Marketingový manažér;2022-12-11 09:31:32.526
472;158;53;10;1;2022-12-11 09:43:30.19;158;32;res31_dell2400_sys10;2C;2022-12-11 09:43:08.009;32;10;more than 3 hours daily;man;24;Marketingový manažér;2022-12-11 09:31:32.526
473;158;76;12;2;2022-12-11 09:43:47.823;158;32;res31_dell2400_sys10;2C;2022-12-11 09:43:08.009;32;10;more than 3 hours daily;man;24;Marketingový manažér;2022-12-11 09:31:32.526
474;158;81;12;3;2022-12-11 09:44:06.036;158;32;res31_dell2400_sys10;2C;2022-12-11 09:43:08.009;32;10;more than 3 hours daily;man;24;Marketingový manažér;2022-12-11 09:31:32.526
475;159;67;11;1;2022-12-11 09:46:50.832;159;32;res31_dell2400_sys5;1B;2022-12-11 09:46:28.451;32;10;more than 3 hours daily;man;24;Marketingový manažér;2022-12-11 09:31:32.526
476;159;65;12;2;2022-12-11 09:47:08.786;159;32;res31_dell2400_sys5;1B;2022-12-11 09:46:28.451;32;10;more than 3 hours daily;man;24;Marketingový manažér;2022-12-11 09:31:32.526
477;159;80;13;3;2022-12-11 09:47:26.123;159;32;res31_dell2400_sys5;1B;2022-12-11 09:46:28.451;32;10;more than 3 hours daily;man;24;Marketingový manažér;2022-12-11 09:31:32.526
478;160;65;12;1;2022-12-11 09:51:23.659;160;32;res31_micr1000_sys10;2B;2022-12-11 09:50:59.879;32;10;more than 3 hours daily;man;24;Marketingový manažér;2022-12-11 09:31:32.526
479;160;82;12;2;2022-12-11 09:51:41.299;160;32;res31_micr1000_sys10;2B;2022-12-11 09:50:59.879;32;10;more than 3 hours daily;man;24;Marketingový manažér;2022-12-11 09:31:32.526
480;160;77;14;3;2022-12-11 09:51:59.242;160;32;res31_micr1000_sys10;2B;2022-12-11 09:50:59.879;32;10;more than 3 hours daily;man;24;Marketingový manažér;2022-12-11 09:31:32.526
481;161;26;8;1;2022-12-11 10:13:54.753;161;33;res32_trust4800_sys10;1A;2022-12-11 10:12:55.08;33;6;more than 3 hours daily;woman;45;učiteľ;2022-12-11 10:12:54.983
482;161;50;9;2;2022-12-11 10:14:15.831;161;33;res32_trust4800_sys10;1A;2022-12-11 10:12:55.08;33;6;more than 3 hours daily;woman;45;učiteľ;2022-12-11 10:12:54.983
483;161;38;9;3;2022-12-11 10:14:35.504;161;33;res32_trust4800_sys10;1A;2022-12-11 10:12:55.08;33;6;more than 3 hours daily;woman;45;učiteľ;2022-12-11 10:12:54.983
484;162;52;11;1;2022-12-11 10:20:37.931;162;33;res32_dell2400_sys18;2C;2022-12-11 10:20:13.668;33;6;more than 3 hours daily;woman;45;učiteľ;2022-12-11 10:12:54.983
485;162;55;11;2;2022-12-11 10:20:56.074;162;33;res32_dell2400_sys18;2C;2022-12-11 10:20:13.668;33;6;more than 3 hours daily;woman;45;učiteľ;2022-12-11 10:12:54.983
486;162;65;11;3;2022-12-11 10:21:14.698;162;33;res32_dell2400_sys18;2C;2022-12-11 10:20:13.668;33;6;more than 3 hours daily;woman;45;učiteľ;2022-12-11 10:12:54.983
487;163;49;10;1;2022-12-11 10:25:29.567;163;33;res32_dell2400_sys10;1C;2022-12-11 10:24:55.063;33;6;more than 3 hours daily;woman;45;učiteľ;2022-12-11 10:12:54.983
488;163;64;11;2;2022-12-11 10:25:47.888;163;33;res32_dell2400_sys10;1C;2022-12-11 10:24:55.063;33;6;more than 3 hours daily;woman;45;učiteľ;2022-12-11 10:12:54.983
489;163;64;12;3;2022-12-11 10:26:05.884;163;33;res32_dell2400_sys10;1C;2022-12-11 10:24:55.063;33;6;more than 3 hours daily;woman;45;učiteľ;2022-12-11 10:12:54.983
490;164;56;10;1;2022-12-11 10:30:48.884;164;33;res32_dell2400_sys5;2B;2022-12-11 10:30:22.174;33;6;more than 3 hours daily;woman;45;učiteľ;2022-12-11 10:12:54.983
491;164;75;11;2;2022-12-11 10:31:09.278;164;33;res32_dell2400_sys5;2B;2022-12-11 10:30:22.174;33;6;more than 3 hours daily;woman;45;učiteľ;2022-12-11 10:12:54.983
492;164;70;11;3;2022-12-11 10:31:28.276;164;33;res32_dell2400_sys5;2B;2022-12-11 10:30:22.174;33;6;more than 3 hours daily;woman;45;učiteľ;2022-12-11 10:12:54.983
493;165;50;10;1;2022-12-11 10:35:17.245;165;33;res32_micr1000_sys10;1B;2022-12-11 10:34:40.905;33;6;more than 3 hours daily;woman;45;učiteľ;2022-12-11 10:12:54.983
494;165;58;10;2;2022-12-11 10:35:35.375;165;33;res32_micr1000_sys10;1B;2022-12-11 10:34:40.905;33;6;more than 3 hours daily;woman;45;učiteľ;2022-12-11 10:12:54.983
495;165;72;11;3;2022-12-11 10:35:53.853;165;33;res32_micr1000_sys10;1B;2022-12-11 10:34:40.905;33;6;more than 3 hours daily;woman;45;učiteľ;2022-12-11 10:12:54.983
